hylak_id,fishnet,fish_id,image_sat,image_id,image_date,cloud_cover,sr_b1_60,sr_b2_60,sr_b3_60,sr_b4_60,sr_b5_60,sr_b7_60,qa_pixel_60,qa_radsat_60,sr_qa_aerosol_60
1356016,1,768,Landsat8,LANDSAT/LC08/C02/T1_L2/LC08_181028_20220119,2022-01-19,21.27,7550.68,7723.4,8064.36,8083.68,9076.88,8632.48,0,0.0,221.44
1410561,1,387,Landsat8,LANDSAT/LC08/C02/T1_L2/LC08_100065_20220213,2022-02-13,2.82,7397.92,7595.2,8283.8,8182.44,10057.52,7800.6,0,0.0,98.56
1410561,1,387,Landsat8,LANDSAT/LC08/C02/T1_L2/LC08_100066_20220213,2022-02-13,8.45,7340.72,7552.76,8260.36,8164.76,10041.64,7799.12,0,0.0,121.68
1418312,1,228,Landsat8,LANDSAT/LC08/C02/T1_L2/LC08_167077_20230221,2023-02-21,0.83,7295.88,7371.48,7541.36,7499.92,7655.52,7407.96,0,0.0,97.6
1418472,1,228,Landsat8,LANDSAT/LC08/C02/T1_L2/LC08_167077_20230221,2023-02-21,0.83,8104.2,8746.84,10353.24,10916.84,9775.48,7714.76,0,0.0,157.44
1418472,1,228,Landsat8,LANDSAT/LC08/C02/T1_L2/LC08_167078_20230221,2023-02-21,4.63,8107.2,8752.48,10363.8,10926.96,9775.76,7714.08,0,0.0,157.44
1358758,1,776,Landsat8,LANDSAT/LC08/C02/T1_L2/LC08_120028_20220516,2022-05-16,6.43,9029.72,9474.84,10365.48,11244.32,12726.16,11258.6,0,0.0,91.12
1358758,1,776,Landsat8,LANDSAT/LC08/C02/T1_L2/LC08_120028_20220617,2022-06-17,0.2,7950.84,8373.84,9280.92,9646.16,10926.4,9523.56,0,0.0,155.12
1358758,1,776,Landsat8,LANDSAT/LC08/C02/T1_L2/LC08_120028_20220703,2022-07-03,19.17,8003.44,8367.16,9330.12,9251.96,11530.48,8935.64,0,0.0,206.24
1358758,1,776,Landsat8,LANDSAT/LC08/C02/T1_L2/LC08_120028_20220719,2022-07-19,28.23,7649.52,7955.76,8924.2,8753.12,11755.32,8498.72,0,0.0,157.52
1358758,1,776,Landsat8,LANDSAT/LC08/C02/T1_L2/LC08_120028_20221023,2022-10-23,1.37,8575.08,9056.16,9983.32,10623.84,12208.48,9894.92,0,0.0,93.52
1358758,1,776,Landsat8,LANDSAT/LC08/C02/T1_L2/LC08_120028_20221108,2022-11-08,4.33,8621.24,9091.08,9977.72,10753.32,12417.72,10158.6,0,0.0,93.52
1358758,1,776,Landsat8,LANDSAT/LC08/C02/T1_L2/LC08_120028_20230807,2023-08-07,19.36,8068.36,8485.28,9592.44,9476.92,8822.76,7531.48,0,0.0,90.88
1358758,1,776,Landsat8,LANDSAT/LC08/C02/T1_L2/LC08_120028_20230823,2023-08-23,0.94,7586.96,7983.48,9019.76,8963.92,9547.56,7748.8,0,0.0,149.92
1358758,1,776,Landsat8,LANDSAT/LC08/C02/T1_L2/LC08_120028_20231010,2023-10-10,0.11,7847.08,8350.52,9444.32,9488.32,9994.44,8152.0,0,0.0,208.72
1358758,1,776,Landsat8,LANDSAT/LC08/C02/T1_L2/LC08_120028_20231026,2023-10-26,0.11,8196.08,8638.12,9605.52,9814.32,9588.92,8300.08,0,0.0,90.88
1358758,1,776,Landsat8,LANDSAT/LC08/C02/T1_L2/LC08_120028_20231111,2023-11-11,1.12,9721.76,10285.08,11204.24,11538.36,10874.28,8537.16,0,0.0,90.88
1358758,1,776,Landsat8,LANDSAT/LC08/C02/T1_L2/LC08_120028_20240419,2024-04-19,0.09,9339.56,9963.56,11113.36,11565.96,10604.96,8681.04,0,0.0,93.44
1358758,1,776,Landsat8,LANDSAT/LC08/C02/T1_L2/LC08_120029_20220516,2022-05-16,0.9,8895.48,9370.48,10301.24,11177.68,12651.44,11202.72,0,0.0,108.96
1358758,1,776,Landsat8,LANDSAT/LC08/C02/T1_L2/LC08_120029_20220617,2022-06-17,13.49,7939.96,8362.48,9267.56,9636.56,10927.24,9529.96,0,0.0,155.12
1358758,1,776,Landsat8,LANDSAT/LC08/C02/T1_L2/LC08_120029_20220703,2022-07-03,14.62,7937.92,8323.4,9321.84,9248.08,11541.32,8945.6,0,0.0,218.96
1358758,1,776,Landsat8,LANDSAT/LC08/C02/T1_L2/LC08_120029_20220719,2022-07-19,24.35,7626.48,7920.08,8888.52,8707.8,11754.56,8516.52,0,0.0,166.16
1358758,1,776,Landsat8,LANDSAT/LC08/C02/T1_L2/LC08_120029_20221023,2022-10-23,0.1,8564.24,9045.12,9974.4,10624.28,12233.56,9927.52,0,0.0,93.44
1358758,1,776,Landsat8,LANDSAT/LC08/C02/T1_L2/LC08_120029_20221108,2022-11-08,6.64,8671.76,9131.96,9987.4,10778.96,12484.28,10226.56,0,0.0,93.52
1358758,1,776,Landsat8,LANDSAT/LC08/C02/T1_L2/LC08_120029_20230807,2023-08-07,15.35,8171.48,8558.44,9613.16,9494.68,8869.56,7536.28,0,0.0,90.88
1358758,1,776,Landsat8,LANDSAT/LC08/C02/T1_L2/LC08_120029_20230823,2023-08-23,11.54,7743.08,8088.92,9058.64,8992.36,9544.36,7745.8,0,0.0,93.52
1358758,1,776,Landsat8,LANDSAT/LC08/C02/T1_L2/LC08_120029_20231010,2023-10-10,2.13,7846.32,8344.8,9424.96,9477.68,9984.64,8154.44,0,0.0,218.96
1358758,1,776,Landsat8,LANDSAT/LC08/C02/T1_L2/LC08_120029_20231026,2023-10-26,0.2,8210.4,8643.16,9591.64,9803.16,9596.28,8304.64,0,0.0,93.44
1358758,1,776,Landsat8,LANDSAT/LC08/C02/T1_L2/LC08_120029_20231111,2023-11-11,1.43,9757.2,10311.0,11206.16,11539.2,10887.0,8535.48,0,0.0,90.88
1358758,1,776,Landsat8,LANDSAT/LC08/C02/T1_L2/LC08_120029_20240302,2024-03-02,8.13,12898.64,13666.84,14655.8,14894.52,12985.12,9848.68,0,0.0,93.44
1358758,1,776,Landsat8,LANDSAT/LC08/C02/T1_L2/LC08_120029_20240419,2024-04-19,42.08,9434.64,10021.36,11109.12,11566.16,10620.28,8686.64,0,0.0,93.44
1358758,1,776,Landsat8,LANDSAT/LC08/C02/T1_L2/LC08_121028_20220507,2022-05-07,0.03,8894.44,9194.36,9992.76,10783.88,12053.96,10789.72,0,0.0,93.52
1358758,1,776,Landsat8,LANDSAT/LC08/C02/T1_L2/LC08_121028_20230729,2023-07-29,1.01,7841.96,8086.0,8856.96,8618.76,10092.12,7803.16,0,0.0,94.72
1358758,1,776,Landsat8,LANDSAT/LC08/C02/T1_L2/LC08_121028_20230814,2023-08-14,23.21,8002.8,8288.44,9309.8,9143.52,9468.32,7709.12,0,0.0,134.4
1358758,1,776,Landsat8,LANDSAT/LC08/C02/T1_L2/LC08_121028_20231001,2023-10-01,0.1,7999.16,8345.16,9398.96,9360.52,9735.6,7965.88,0,0.0,93.44
1358758,1,776,Landsat8,LANDSAT/LC08/C02/T1_L2/LC08_121028_20240325,2024-03-25,3.91,11678.12,12210.72,13173.92,13548.04,12527.56,9102.12,0,0.0,94.72
1358758,1,776,Landsat8,LANDSAT/LC08/C02/T1_L2/LC08_121028_20240410,2024-04-10,0.38,9618.2,10286.92,11536.8,11950.52,11314.96,9336.2,0,0.0,192.0
1408571,1,415,Landsat8,LANDSAT/LC08/C02/T1_L2/LC08_119062_20210319,2021-03-19,42.41,7476.64,7513.64,7711.28,7605.8,8736.52,7569.88,0,0.0,90.88
1408571,1,415,Landsat8,LANDSAT/LC08/C02/T1_L2/LC08_119062_20210522,2021-05-22,25.64,7466.8,7425.44,7602.36,7383.28,8469.88,7493.32,0,0.0,158.72
1092749,1,310,Landsat8,LANDSAT/LC08/C02/T1_L2/LC08_232069_20211121,2021-11-21,16.86,7285.08,7357.04,7546.52,7480.44,7723.88,7417.92,0,0.0,92.88
1092749,1,310,Landsat8,LANDSAT/LC08/C02/T1_L2/LC08_232069_20220124,2022-01-24,37.89,7261.68,7334.4,7513.72,7483.88,7809.48,7389.4,0,0.0,94.48
1410578,1,387,Landsat8,LANDSAT/LC08/C02/T1_L2/LC08_099065_20221105,2022-11-05,17.15,7485.04,7704.76,8222.52,8122.64,9099.12,8022.28,0,0.0,218.88
1410578,1,387,Landsat8,LANDSAT/LC08/C02/T1_L2/LC08_099065_20230225,2023-02-25,44.95,7674.88,7885.72,8311.32,8213.16,8488.36,7870.32,0,0.0,158.4
1410578,1,387,Landsat8,LANDSAT/LC08/C02/T1_L2/LC08_099065_20230313,2023-03-13,31.4,7517.08,7568.72,7804.32,7657.52,7777.68,7424.04,0,0.0,157.44
1410578,1,387,Landsat8,LANDSAT/LC08/C02/T1_L2/LC08_099065_20230430,2023-04-30,34.34,7494.16,7455.56,7581.44,7396.24,7493.32,7376.88,0,0.0,155.36
1410578,1,387,Landsat8,LANDSAT/LC08/C02/T1_L2/LC08_099065_20240127,2024-01-27,26.03,7876.16,7921.56,8242.0,8002.6,9622.84,8059.08,0,0.0,93.44
1410578,1,387,Landsat8,LANDSAT/LC08/C02/T1_L2/LC08_099066_20230313,2023-03-13,26.91,7589.24,7639.72,7850.44,7719.92,7832.36,7426.36,0,0.0,106.24
1410578,1,387,Landsat8,LANDSAT/LC08/C02/T1_L2/LC08_099066_20230430,2023-04-30,34.84,7369.6,7349.4,7491.4,7312.96,7392.52,7360.4,0,0.0,158.8
1410578,1,387,Landsat8,LANDSAT/LC08/C02/T1_L2/LC08_099066_20230921,2023-09-21,14.8,8662.24,8668.88,8732.76,8741.6,9038.6,8225.68,0,0.0,90.88
1410578,1,387,Landsat8,LANDSAT/LC08/C02/T1_L2/LC08_099066_20240127,2024-01-27,28.01,7860.92,7914.6,8239.84,8012.2,9628.32,8062.2,0,0.0,90.96
1411281,1,348,Landsat8,LANDSAT/LC08/C02/T1_L2/LC08_171068_20211110,2021-11-10,0.17,7785.4,8272.4,9349.72,9310.84,10186.08,8253.96,0,0.0,221.52
1419489,1,228,Landsat8,LANDSAT/LC08/C02/T1_L2/LC08_167078_20240412,2024-04-12,14.52,7161.4,7380.2,7716.32,7659.88,8635.16,7993.56,0,0.0,175.36
1419489,1,228,Landsat8,LANDSAT/LC08/C02/T1_L2/LC08_167079_20240412,2024-04-12,9.07,7223.24,7406.16,7700.96,7631.52,8577.96,7987.4,0,0.0,169.04
1409705,1,387,Landsat8,LANDSAT/LC08/C02/T1_L2/LC08_101064_20210406,2021-04-06,16.07,7404.88,7394.72,7510.56,7361.12,8126.16,7529.0,0,0.0,160.56
1082117,1,399,Landsat8,LANDSAT/LC08/C02/T1_L2/LC08_011062_20230608,2023-06-08,22.26,7532.76,7626.44,8064.04,7746.96,8303.96,7573.04,0,0.0,171.6
1420897,1,198,Landsat8,LANDSAT/LC08/C02/T1_L2/LC08_169080_20230219,2023-02-19,38.69,7015.76,8134.96,10251.32,10587.48,9538.72,7847.84,0,0.0,221.44
1420897,1,198,Landsat8,LANDSAT/LC08/C02/T1_L2/LC08_169080_20230408,2023-04-08,14.86,9273.32,10074.36,11473.32,11974.08,9476.84,7534.68,0,0.0,134.4
1420897,1,198,Landsat8,LANDSAT/LC08/C02/T1_L2/LC08_169080_20230526,2023-05-26,1.56,9050.36,9782.8,11013.96,11418.84,8962.2,7397.12,0,0.0,90.88
1420897,1,198,Landsat8,LANDSAT/LC08/C02/T1_L2/LC08_169080_20230611,2023-06-11,0.02,9152.72,9949.8,11185.8,11550.84,8917.0,7383.36,0,0.0,90.88
1420897,1,198,Landsat8,LANDSAT/LC08/C02/T1_L2/LC08_169080_20230713,2023-07-13,2.73,9280.52,10163.92,11517.88,11943.44,9328.4,7411.56,0,0.0,157.44
1420897,1,198,Landsat8,LANDSAT/LC08/C02/T1_L2/LC08_169080_20230814,2023-08-14,3.47,9056.6,9993.2,11412.36,11991.36,10177.8,7684.56,0,0.0,154.88
1420897,1,198,Landsat8,LANDSAT/LC08/C02/T1_L2/LC08_169080_20230830,2023-08-30,0.03,9484.24,10351.2,11634.56,12283.24,10633.64,7528.72,0,0.0,157.44
1420897,1,198,Landsat8,LANDSAT/LC08/C02/T1_L2/LC08_170079_20220428,2022-04-28,40.3,9519.0,10089.6,11029.92,11514.88,11588.92,7430.44,0,0.0,154.88
1420897,1,198,Landsat8,LANDSAT/LC08/C02/T1_L2/LC08_170079_20230314,2023-03-14,9.27,9138.32,9886.64,11293.44,11934.64,9396.4,7361.56,0,0.0,90.88
1420897,1,198,Landsat8,LANDSAT/LC08/C02/T1_L2/LC08_170079_20230415,2023-04-15,11.6,9489.0,10082.08,11324.2,11720.64,9023.4,7387.16,0,0.0,93.44
1420897,1,198,Landsat8,LANDSAT/LC08/C02/T1_L2/LC08_170079_20230602,2023-06-02,0.0,9069.48,9778.36,11072.92,11409.64,8805.56,7379.92,0,0.0,90.88
1420897,1,198,Landsat8,LANDSAT/LC08/C02/T1_L2/LC08_170079_20230618,2023-06-18,0.01,9215.44,9922.2,11167.68,11553.36,9109.24,7408.44,0,0.0,93.44
1420897,1,198,Landsat8,LANDSAT/LC08/C02/T1_L2/LC08_170079_20230704,2023-07-04,0.01,9137.24,9913.56,11280.04,11716.56,9252.0,7482.64,0,0.0,154.88
1420897,1,198,Landsat8,LANDSAT/LC08/C02/T1_L2/LC08_170079_20230821,2023-08-21,0.01,9457.0,10149.32,11389.8,11970.44,10357.24,7580.2,0,0.0,93.44
1420897,1,198,Landsat8,LANDSAT/LC08/C02/T1_L2/LC08_170080_20230415,2023-04-15,1.55,9402.64,10024.28,11306.28,11706.4,9007.88,7386.44,0,0.0,93.44
1346445,1,800,Landsat8,LANDSAT/LC08/C02/T1_L2/LC08_166026_20230708,2023-07-08,5.37,7995.0,8594.8,9765.72,10085.84,10377.32,9448.24,0,0.0,221.44
1359036,1,776,Landsat8,LANDSAT/LC08/C02/T1_L2/LC08_121028_20230729,2023-07-29,1.01,7518.8,7975.24,9338.6,9087.0,8630.44,7408.36,0,0.0,131.84
1359036,1,776,Landsat8,LANDSAT/LC08/C02/T1_L2/LC08_121028_20230915,2023-09-15,10.75,7691.64,8292.4,9545.72,9525.36,9366.48,7712.88,0,0.0,218.88
1359036,1,776,Landsat8,LANDSAT/LC08/C02/T1_L2/LC08_121028_20231001,2023-10-01,0.1,7819.68,8239.6,9080.76,9175.96,8212.72,7444.44,0,0.0,93.44
1359036,1,776,Landsat8,LANDSAT/LC08/C02/T1_L2/LC08_121028_20240410,2024-04-10,0.38,7982.84,8579.32,10291.76,10010.64,9493.8,8306.36,0,0.0,218.88
1359036,1,776,Landsat8,LANDSAT/LC08/C02/T1_L2/LC08_121029_20230729,2023-07-29,22.25,7493.6,7967.44,9331.96,9102.6,8656.24,7411.44,0,0.0,129.28
1359036,1,776,Landsat8,LANDSAT/LC08/C02/T1_L2/LC08_121029_20230915,2023-09-15,0.15,7734.16,8333.32,9561.16,9544.84,9380.88,7712.2,0,0.0,222.72
1359036,1,776,Landsat8,LANDSAT/LC08/C02/T1_L2/LC08_121029_20231001,2023-10-01,1.51,7653.64,8112.12,9001.28,9115.52,8173.92,7443.56,0,0.0,120.64
1359036,1,776,Landsat8,LANDSAT/LC08/C02/T1_L2/LC08_121029_20240410,2024-04-10,2.38,7923.68,8544.28,10273.28,10005.88,9492.36,8311.28,0,0.0,222.72
1409436,1,387,Landsat8,LANDSAT/LC08/C02/T1_L2/LC08_101064_20210422,2021-04-22,12.23,7416.92,7492.64,7869.32,7849.72,9415.6,7890.16,0,0.0,90.96
1314226,1,832,Landsat8,LANDSAT/LC08/C02/T1_L2/LC08_151021_20230512,2023-05-12,30.92,7647.2,7779.4,7994.44,7986.4,8669.88,8194.4,0,0.0,157.44
1337946,1,800,Landsat8,LANDSAT/LC08/C02/T1_L2/LC08_167025_20240428,2024-04-28,1.24,7240.92,7852.2,9143.56,9174.4,8732.12,7812.12,0,0.0,218.88
1075052,1,489,Landsat8,LANDSAT/LC08/C02/T1_L2/LC08_007054_20211113,2021-11-13,19.41,7494.12,7638.88,7976.6,7934.8,8441.08,7549.0,0,0.0,154.88
1075052,1,489,Landsat8,LANDSAT/LC08/C02/T1_L2/LC08_007054_20211129,2021-11-29,44.53,7408.6,7558.36,8044.36,8017.68,8164.08,7476.04,0,0.0,218.88
1420766,1,198,Landsat8,LANDSAT/LC08/C02/T1_L2/LC08_169079_20210301,2021-03-01,14.24,7621.12,7914.64,8756.68,8725.36,9250.8,7760.16,0,0.0,149.76
1420766,1,198,Landsat8,LANDSAT/LC08/C02/T1_L2/LC08_169079_20210402,2021-04-02,0.04,7749.08,8182.88,9169.12,9421.84,8816.04,7494.8,0,0.0,158.72
1420766,1,198,Landsat8,LANDSAT/LC08/C02/T1_L2/LC08_169079_20210418,2021-04-18,0.9,7840.28,8391.36,9581.2,9849.88,9141.24,7531.76,0,0.0,154.88
1420766,1,198,Landsat8,LANDSAT/LC08/C02/T1_L2/LC08_169079_20210504,2021-05-04,0.01,8277.4,8834.4,9998.28,10279.04,9173.92,7438.8,0,0.0,93.44
1420766,1,198,Landsat8,LANDSAT/LC08/C02/T1_L2/LC08_169079_20210520,2021-05-20,40.45,8636.0,9287.28,10587.52,10878.32,9819.24,7486.92,0,0.0,145.92
1420766,1,198,Landsat8,LANDSAT/LC08/C02/T1_L2/LC08_169079_20210605,2021-06-05,0.37,8760.12,9500.92,10866.92,11139.76,10147.16,7414.0,0,0.0,93.44
1420766,1,198,Landsat8,LANDSAT/LC08/C02/T1_L2/LC08_169079_20210621,2021-06-21,0.02,8927.52,9683.4,11050.68,11308.16,10479.12,7468.84,0,0.0,157.44
1420766,1,198,Landsat8,LANDSAT/LC08/C02/T1_L2/LC08_169079_20220421,2022-04-21,5.64,8494.8,9170.4,10535.16,10747.88,10565.56,7937.32,0,0.0,93.44
1420766,1,198,Landsat8,LANDSAT/LC08/C02/T1_L2/LC08_169079_20220507,2022-05-07,3.59,8643.56,9267.68,10463.8,10686.8,10153.68,7783.04,0,0.0,93.44
1420766,1,198,Landsat8,LANDSAT/LC08/C02/T1_L2/LC08_169079_20220608,2022-06-08,0.01,8816.72,9432.16,10593.4,10908.12,10298.24,7771.48,0,0.0,93.44
1420766,1,198,Landsat8,LANDSAT/LC08/C02/T1_L2/LC08_169079_20220624,2022-06-24,24.38,8335.24,9090.72,10458.28,10796.64,10291.08,7684.32,0,0.0,157.44
1420766,1,198,Landsat8,LANDSAT/LC08/C02/T1_L2/LC08_169079_20220710,2022-07-10,0.21,8540.72,9291.92,10703.4,11026.36,10500.76,7891.0,0,0.0,215.04
1420766,1,198,Landsat8,LANDSAT/LC08/C02/T1_L2/LC08_169079_20220726,2022-07-26,0.74,8565.28,9247.56,10617.44,10866.12,10313.44,7822.56,0,0.0,156.16
1420766,1,198,Landsat8,LANDSAT/LC08/C02/T1_L2/LC08_169079_20220811,2022-08-11,0.01,8323.52,9098.44,10633.72,10897.96,10529.48,7833.92,0,0.0,157.44
1420766,1,198,Landsat8,LANDSAT/LC08/C02/T1_L2/LC08_169079_20230102,2023-01-02,0.5,7865.08,8039.8,8672.36,8683.36,8598.84,7546.84,0,0.0,112.64
1420766,1,198,Landsat8,LANDSAT/LC08/C02/T1_L2/LC08_169079_20230203,2023-02-03,26.9,7973.52,8184.28,9059.32,8998.16,9273.24,7535.24,0,0.0,93.44
1420766,1,198,Landsat8,LANDSAT/LC08/C02/T1_L2/LC08_169079_20230408,2023-04-08,1.21,8022.2,8424.72,9639.6,9605.28,8658.96,7466.28,0,0.0,124.16
1420766,1,198,Landsat8,LANDSAT/LC08/C02/T1_L2/LC08_169079_20230424,2023-04-24,0.1,8741.28,9384.6,11002.12,11135.84,10476.4,8550.24,0,0.0,142.08
1420766,1,198,Landsat8,LANDSAT/LC08/C02/T1_L2/LC08_169079_20230526,2023-05-26,0.01,9037.92,9560.4,10892.64,10793.6,10082.48,7434.24,0,0.0,93.44
1420766,1,198,Landsat8,LANDSAT/LC08/C02/T1_L2/LC08_169079_20230611,2023-06-11,0.43,9248.2,9832.32,11197.96,11155.72,10666.36,7446.4,0,0.0,93.44
1420766,1,198,Landsat8,LANDSAT/LC08/C02/T1_L2/LC08_169079_20240121,2024-01-21,0.02,8739.36,9422.88,10728.92,11212.0,10789.8,7405.16,0,0.0,158.72
1420766,1,198,Landsat8,LANDSAT/LC08/C02/T1_L2/LC08_169080_20210213,2021-02-13,25.47,6710.0,7286.2,8441.92,8469.48,9125.44,7977.44,0,0.0,218.88
1420766,1,198,Landsat8,LANDSAT/LC08/C02/T1_L2/LC08_169080_20210301,2021-03-01,6.68,7704.0,7995.76,8804.88,8795.32,9323.32,7765.92,0,0.0,90.88
1420766,1,198,Landsat8,LANDSAT/LC08/C02/T1_L2/LC08_169080_20210402,2021-04-02,7.42,7858.16,8298.2,9248.72,9520.16,8924.24,7503.28,0,0.0,90.88
1420766,1,198,Landsat8,LANDSAT/LC08/C02/T1_L2/LC08_169080_20210418,2021-04-18,0.0,7970.96,8500.52,9628.32,9906.16,9206.84,7536.36,0,0.0,96.0
1420766,1,198,Landsat8,LANDSAT/LC08/C02/T1_L2/LC08_169080_20210504,2021-05-04,0.1,8103.96,8722.64,9951.36,10263.28,9194.04,7440.36,0,0.0,93.44
1420766,1,198,Landsat8,LANDSAT/LC08/C02/T1_L2/LC08_169080_20210520,2021-05-20,38.31,8662.08,9319.12,10611.68,10909.92,9847.52,7487.56,0,0.0,90.88
1420766,1,198,Landsat8,LANDSAT/LC08/C02/T1_L2/LC08_169080_20210605,2021-06-05,2.36,8780.52,9522.12,10881.12,11162.48,10176.28,7416.36,0,0.0,93.44
1420766,1,198,Landsat8,LANDSAT/LC08/C02/T1_L2/LC08_169080_20210621,2021-06-21,0.62,8830.6,9626.36,11018.68,11299.24,10495.28,7469.92,0,0.0,93.44
1420766,1,198,Landsat8,LANDSAT/LC08/C02/T1_L2/LC08_169080_20220421,2022-04-21,0.03,8556.68,9214.92,10548.96,10767.8,10608.96,7957.6,0,0.0,93.44
1420766,1,198,Landsat8,LANDSAT/LC08/C02/T1_L2/LC08_169080_20220507,2022-05-07,17.7,8604.12,9248.12,10455.88,10696.72,10172.28,7791.24,0,0.0,93.44
1420766,1,198,Landsat8,LANDSAT/LC08/C02/T1_L2/LC08_169080_20220523,2022-05-23,16.24,8578.8,9229.16,10442.64,10662.48,10302.76,7760.64,0,0.0,90.88
1420766,1,198,Landsat8,LANDSAT/LC08/C02/T1_L2/LC08_169080_20220608,2022-06-08,0.43,8727.56,9380.72,10569.2,10906.32,10326.76,7784.52,0,0.0,93.44
1420766,1,198,Landsat8,LANDSAT/LC08/C02/T1_L2/LC08_169080_20220624,2022-06-24,2.73,8393.08,9144.64,10486.64,10834.6,10325.8,7691.16,0,0.0,116.48
1420766,1,198,Landsat8,LANDSAT/LC08/C02/T1_L2/LC08_169080_20220710,2022-07-10,2.21,8565.68,9330.04,10713.16,11051.32,10547.84,7910.04,0,0.0,154.88
1420766,1,198,Landsat8,LANDSAT/LC08/C02/T1_L2/LC08_169080_20220726,2022-07-26,1.02,8558.96,9251.12,10608.76,10869.76,10341.28,7831.12,0,0.0,90.88
1420766,1,198,Landsat8,LANDSAT/LC08/C02/T1_L2/LC08_169080_20220811,2022-08-11,0.22,8390.4,9152.6,10652.36,10920.96,10555.84,7844.4,0,0.0,147.2
1420766,1,198,Landsat8,LANDSAT/LC08/C02/T1_L2/LC08_169080_20221217,2022-12-17,21.52,7955.6,8482.8,9835.68,10145.84,8874.68,7472.12,0,0.0,93.44
1420766,1,198,Landsat8,LANDSAT/LC08/C02/T1_L2/LC08_169080_20230102,2023-01-02,6.21,7703.28,7947.6,8650.48,8703.56,8642.4,7555.12,0,0.0,98.56
1420766,1,198,Landsat8,LANDSAT/LC08/C02/T1_L2/LC08_169080_20230203,2023-02-03,7.41,7853.84,8111.44,9034.68,9000.76,9283.6,7537.28,0,0.0,90.88
1420766,1,198,Landsat8,LANDSAT/LC08/C02/T1_L2/LC08_169080_20230424,2023-04-24,4.47,8584.68,9292.56,10968.12,11127.36,10487.76,8553.36,0,0.0,126.72
1420766,1,198,Landsat8,LANDSAT/LC08/C02/T1_L2/LC08_169080_20230526,2023-05-26,1.56,8534.04,9232.08,10777.76,10725.6,10059.48,7434.52,0,0.0,90.88
1420766,1,198,Landsat8,LANDSAT/LC08/C02/T1_L2/LC08_169080_20230611,2023-06-11,0.02,8970.0,9654.6,11139.2,11128.76,10657.16,7446.84,0,0.0,93.44
1420766,1,198,Landsat8,LANDSAT/LC08/C02/T1_L2/LC08_169080_20240121,2024-01-21,4.09,8631.12,9364.16,10708.76,11220.8,10812.0,7408.52,0,0.0,142.08
1420766,1,198,Landsat8,LANDSAT/LC08/C02/T1_L2/LC08_170079_20210220,2021-02-20,0.01,7630.04,7888.6,8521.72,8624.08,8810.04,7783.44,0,0.0,90.88
1420766,1,198,Landsat8,LANDSAT/LC08/C02/T1_L2/LC08_170079_20210308,2021-03-08,0.04,7557.2,7833.32,8613.36,8758.36,8767.92,7597.16,0,0.0,91.36
1420766,1,198,Landsat8,LANDSAT/LC08/C02/T1_L2/LC08_170079_20210409,2021-04-09,0.0,7885.88,8257.48,9201.72,9471.64,8861.44,7497.16,0,0.0,90.88
1420766,1,198,Landsat8,LANDSAT/LC08/C02/T1_L2/LC08_170079_20210425,2021-04-25,0.0,8231.44,8682.08,9832.04,10143.88,9227.16,7457.76,0,0.0,90.88
1420766,1,198,Landsat8,LANDSAT/LC08/C02/T1_L2/LC08_170079_20210511,2021-05-11,0.01,8389.8,8924.28,10128.84,10495.68,9318.84,7442.4,0,0.0,93.44
1420766,1,198,Landsat8,LANDSAT/LC08/C02/T1_L2/LC08_170079_20210527,2021-05-27,0.01,8667.8,9325.68,10716.12,11012.72,10063.44,7509.8,0,0.0,93.44
1420766,1,198,Landsat8,LANDSAT/LC08/C02/T1_L2/LC08_170079_20210612,2021-06-12,0.01,8833.8,9532.84,10899.68,11237.92,10200.96,7475.08,0,0.0,90.88
1420766,1,198,Landsat8,LANDSAT/LC08/C02/T1_L2/LC08_170079_20220428,2022-04-28,40.3,8395.68,9050.36,10415.88,10604.96,10326.84,7781.84,0,0.0,157.44
1420766,1,198,Landsat8,LANDSAT/LC08/C02/T1_L2/LC08_170079_20220530,2022-05-30,0.4,8627.92,9192.84,10376.04,10714.12,10217.92,7750.36,0,0.0,90.88
1420766,1,198,Landsat8,LANDSAT/LC08/C02/T1_L2/LC08_170079_20220615,2022-06-15,1.01,8642.24,9242.08,10453.52,10869.4,10527.6,7820.6,0,0.0,90.88
1420766,1,198,Landsat8,LANDSAT/LC08/C02/T1_L2/LC08_170079_20220701,2022-07-01,0.0,8621.96,9272.28,10637.76,10991.44,10326.16,7828.64,0,0.0,90.88
1420766,1,198,Landsat8,LANDSAT/LC08/C02/T1_L2/LC08_170079_20220717,2022-07-17,13.21,8638.2,9252.2,10651.32,10974.56,10332.8,7761.12,0,0.0,90.88
1420766,1,198,Landsat8,LANDSAT/LC08/C02/T1_L2/LC08_170079_20221224,2022-12-24,11.11,7272.84,7860.28,9435.92,9618.96,9972.68,8167.24,0,0.0,198.4
1420766,1,198,Landsat8,LANDSAT/LC08/C02/T1_L2/LC08_170079_20230314,2023-03-14,9.27,7907.84,8209.24,9318.76,9361.04,8425.84,7405.96,0,0.0,93.44
1420766,1,198,Landsat8,LANDSAT/LC08/C02/T1_L2/LC08_170079_20230602,2023-06-02,0.0,8646.0,9261.36,10842.72,10791.0,10080.64,7427.32,0,0.0,93.44
1420803,1,198,Landsat8,LANDSAT/LC08/C02/T1_L2/LC08_167079_20210303,2021-03-03,7.56,8249.76,8593.6,9862.36,9994.16,9024.32,7627.32,0,0.0,93.44
1420803,1,198,Landsat8,LANDSAT/LC08/C02/T1_L2/LC08_167079_20210319,2021-03-19,18.6,7515.16,7836.64,8793.08,8541.24,8438.56,7554.72,0,0.0,159.52
1420803,1,198,Landsat8,LANDSAT/LC08/C02/T1_L2/LC08_167079_20210404,2021-04-04,31.17,6831.88,7354.04,8594.48,8475.24,8490.16,7716.4,0,0.0,196.64
1420803,1,198,Landsat8,LANDSAT/LC08/C02/T1_L2/LC08_167079_20210506,2021-05-06,22.15,7616.84,7928.52,8652.0,8459.92,8373.24,7678.64,0,0.0,221.44
1420803,1,198,Landsat8,LANDSAT/LC08/C02/T1_L2/LC08_167079_20210607,2021-06-07,34.08,7605.12,7864.48,8467.72,8446.48,8311.68,7759.88,0,0.0,134.96
1420803,1,198,Landsat8,LANDSAT/LC08/C02/T1_L2/LC08_167079_20210623,2021-06-23,1.64,7899.32,8300.48,9059.8,8895.36,8803.68,7854.84,0,0.0,218.96
1420803,1,198,Landsat8,LANDSAT/LC08/C02/T1_L2/LC08_167079_20210709,2021-07-09,0.26,7738.48,8141.72,8880.04,8768.8,8753.12,7942.92,0,0.0,222.24
1420803,1,198,Landsat8,LANDSAT/LC08/C02/T1_L2/LC08_167079_20210826,2021-08-26,48.76,8134.96,8598.28,9420.32,9322.72,9520.24,7957.96,0,0.0,218.88
1420803,1,198,Landsat8,LANDSAT/LC08/C02/T1_L2/LC08_167079_20210911,2021-09-11,7.76,7718.76,7975.96,8540.16,8547.92,8272.28,7785.24,0,0.0,122.64
1420803,1,198,Landsat8,LANDSAT/LC08/C02/T1_L2/LC08_167079_20210927,2021-09-27,1.68,7820.8,8182.96,8936.96,8905.72,8730.8,7854.4,0,0.0,216.08
1420803,1,198,Landsat8,LANDSAT/LC08/C02/T1_L2/LC08_167079_20211013,2021-10-13,2.13,8582.24,8761.36,9205.44,9183.64,8998.92,8024.36,0,0.0,93.44
1420803,1,198,Landsat8,LANDSAT/LC08/C02/T1_L2/LC08_167079_20220202,2022-02-02,25.88,7808.84,8061.88,8606.24,8338.72,8248.08,7744.16,0,0.0,162.56
1420803,1,198,Landsat8,LANDSAT/LC08/C02/T1_L2/LC08_167079_20220306,2022-03-06,34.68,7528.88,7691.64,8019.4,7793.68,7835.16,7537.28,0,0.0,90.88
1420803,1,198,Landsat8,LANDSAT/LC08/C02/T1_L2/LC08_167079_20220509,2022-05-09,4.27,7671.52,7780.76,7926.2,7741.52,7794.92,7547.56,0,0.0,90.88
1420803,1,198,Landsat8,LANDSAT/LC08/C02/T1_L2/LC08_167079_20220525,2022-05-25,0.75,7479.96,7610.72,7813.16,7617.88,7653.08,7524.92,0,0.0,90.88
1420803,1,198,Landsat8,LANDSAT/LC08/C02/T1_L2/LC08_167079_20220610,2022-06-10,23.31,7694.64,7875.56,8221.64,8008.48,8291.56,7822.2,0,0.0,221.44
1420803,1,198,Landsat8,LANDSAT/LC08/C02/T1_L2/LC08_167079_20220626,2022-06-26,22.97,7676.4,7793.52,8001.8,7832.6,7887.76,7705.28,0,0.0,90.88
1420803,1,198,Landsat8,LANDSAT/LC08/C02/T1_L2/LC08_167079_20220728,2022-07-28,8.76,7403.8,7760.88,8458.8,8037.04,8519.08,7787.6,0,0.0,221.52
1420803,1,198,Landsat8,LANDSAT/LC08/C02/T1_L2/LC08_167079_20230309,2023-03-09,14.51,8072.0,8459.88,9435.92,9403.4,8570.32,7610.92,0,0.0,149.76
1420803,1,198,Landsat8,LANDSAT/LC08/C02/T1_L2/LC08_167079_20230426,2023-04-26,38.24,6822.32,7339.24,8591.52,8208.6,8818.0,7954.6,0,0.0,218.88
1420803,1,198,Landsat8,LANDSAT/LC08/C02/T1_L2/LC08_167079_20230512,2023-05-12,29.12,7848.04,8151.84,8778.08,8502.88,8711.36,7763.96,0,0.0,221.44
1420803,1,198,Landsat8,LANDSAT/LC08/C02/T1_L2/LC08_167079_20230613,2023-06-13,8.43,7572.56,7811.12,8338.6,8172.12,8476.24,7838.64,0,0.0,154.96
1420803,1,198,Landsat8,LANDSAT/LC08/C02/T1_L2/LC08_167079_20230629,2023-06-29,3.46,7371.92,7728.48,8491.92,8161.44,8633.08,7758.0,0,0.0,220.16
1420803,1,198,Landsat8,LANDSAT/LC08/C02/T1_L2/LC08_167079_20230715,2023-07-15,18.35,7697.52,7890.16,8404.92,8153.16,8417.96,7802.8,0,0.0,122.72
1420803,1,198,Landsat8,LANDSAT/LC08/C02/T1_L2/LC08_167079_20230731,2023-07-31,5.15,7708.88,7921.92,8433.84,8245.4,8843.68,8026.8,0,0.0,148.48
1420803,1,198,Landsat8,LANDSAT/LC08/C02/T1_L2/LC08_167080_20210303,2021-03-03,1.8,8265.6,8600.96,9863.92,9992.96,9021.36,7627.12,0,0.0,90.88
1420803,1,198,Landsat8,LANDSAT/LC08/C02/T1_L2/LC08_167080_20210319,2021-03-19,3.48,7402.12,7740.0,8733.92,8483.76,8391.92,7552.72,0,0.0,157.68
1420803,1,198,Landsat8,LANDSAT/LC08/C02/T1_L2/LC08_167080_20210404,2021-04-04,27.18,7345.64,7738.12,8759.32,8615.32,8553.4,7719.84,0,0.0,181.6
1420803,1,198,Landsat8,LANDSAT/LC08/C02/T1_L2/LC08_167080_20210506,2021-05-06,18.18,7828.0,8115.76,8774.48,8579.28,8462.52,7679.08,0,0.0,157.44
1420803,1,198,Landsat8,LANDSAT/LC08/C02/T1_L2/LC08_167080_20210607,2021-06-07,10.58,7628.04,7898.88,8513.72,8497.16,8356.16,7766.04,0,0.0,108.8
1420803,1,198,Landsat8,LANDSAT/LC08/C02/T1_L2/LC08_167080_20210623,2021-06-23,4.88,7743.48,8131.76,8916.92,8745.68,8680.32,7850.52,0,0.0,219.04
1420803,1,198,Landsat8,LANDSAT/LC08/C02/T1_L2/LC08_167080_20210709,2021-07-09,28.42,7851.0,8252.36,8967.24,8858.68,8815.64,7946.92,0,0.0,218.96
1420803,1,198,Landsat8,LANDSAT/LC08/C02/T1_L2/LC08_167080_20210826,2021-08-26,41.67,8152.16,8643.2,9484.8,9406.76,9589.96,7967.08,0,0.0,221.44
1420803,1,198,Landsat8,LANDSAT/LC08/C02/T1_L2/LC08_167080_20210911,2021-09-11,2.84,7559.48,7852.44,8473.08,8487.84,8223.36,7781.2,0,0.0,140.24
1420803,1,198,Landsat8,LANDSAT/LC08/C02/T1_L2/LC08_167080_20210927,2021-09-27,0.89,7712.08,8104.92,8908.68,8884.8,8717.48,7855.6,0,0.0,224.72
1420803,1,198,Landsat8,LANDSAT/LC08/C02/T1_L2/LC08_167080_20211013,2021-10-13,21.44,8426.48,8655.92,9166.8,9157.6,8995.36,8030.88,0,0.0,98.64
1420803,1,198,Landsat8,LANDSAT/LC08/C02/T1_L2/LC08_167080_20211130,2021-11-30,23.69,8389.08,8725.12,9418.68,9496.8,9946.12,8515.84,0,0.0,139.52
1420803,1,198,Landsat8,LANDSAT/LC08/C02/T1_L2/LC08_167080_20220202,2022-02-02,16.55,7835.92,8094.0,8639.32,8374.04,8282.88,7749.88,0,0.0,157.44
1420803,1,198,Landsat8,LANDSAT/LC08/C02/T1_L2/LC08_167080_20220306,2022-03-06,37.22,7482.52,7647.92,7983.4,7757.24,7804.16,7532.6,0,0.0,91.04
1420803,1,198,Landsat8,LANDSAT/LC08/C02/T1_L2/LC08_167080_20220509,2022-05-09,49.11,7353.56,7508.0,7730.44,7555.36,7657.52,7532.2,0,0.0,117.76
1420803,1,198,Landsat8,LANDSAT/LC08/C02/T1_L2/LC08_167080_20220525,2022-05-25,3.94,7511.32,7633.24,7824.08,7628.88,7656.68,7523.92,0,0.0,93.76
1420803,1,198,Landsat8,LANDSAT/LC08/C02/T1_L2/LC08_167080_20220610,2022-06-10,48.98,7304.08,7489.44,7907.48,7674.08,8020.36,7809.6,0,0.0,225.36
1420803,1,198,Landsat8,LANDSAT/LC08/C02/T1_L2/LC08_167080_20220626,2022-06-26,21.24,7466.24,7617.8,7886.24,7735.64,7823.76,7703.76,0,0.0,103.92
1420803,1,198,Landsat8,LANDSAT/LC08/C02/T1_L2/LC08_167080_20220712,2022-07-12,26.32,7541.84,7784.48,8392.08,8020.6,8285.72,7902.52,0,0.0,218.88
1420803,1,198,Landsat8,LANDSAT/LC08/C02/T1_L2/LC08_167080_20220728,2022-07-28,25.02,7905.0,8276.2,8872.72,8521.52,8902.92,7810.96,0,0.0,218.88
1420803,1,198,Landsat8,LANDSAT/LC08/C02/T1_L2/LC08_167080_20230309,2023-03-09,27.69,8073.6,8462.16,9437.76,9407.0,8573.68,7609.52,0,0.0,131.84
1420803,1,198,Landsat8,LANDSAT/LC08/C02/T1_L2/LC08_167080_20230426,2023-04-26,14.55,7251.84,7715.56,8796.48,8431.4,8963.8,7958.72,0,0.0,221.44
1420803,1,198,Landsat8,LANDSAT/LC08/C02/T1_L2/LC08_167080_20230512,2023-05-12,17.35,7817.52,8131.24,8766.16,8492.8,8709.28,7757.64,0,0.0,221.44
1420803,1,198,Landsat8,LANDSAT/LC08/C02/T1_L2/LC08_167080_20230528,2023-05-28,12.02,7650.24,7878.2,8233.68,8022.64,8206.68,7624.16,0,0.0,154.88
1420803,1,198,Landsat8,LANDSAT/LC08/C02/T1_L2/LC08_167080_20230613,2023-06-13,14.92,7567.64,7821.64,8369.48,8207.56,8508.92,7841.8,0,0.0,125.44
1420803,1,198,Landsat8,LANDSAT/LC08/C02/T1_L2/LC08_167080_20230629,2023-06-29,5.4,7915.0,8242.64,8877.2,8559.56,8916.64,7770.28,0,0.0,221.44
1420803,1,198,Landsat8,LANDSAT/LC08/C02/T1_L2/LC08_167080_20230715,2023-07-15,2.33,7900.28,8054.6,8503.44,8245.36,8478.48,7803.48,0,0.0,93.44
1420803,1,198,Landsat8,LANDSAT/LC08/C02/T1_L2/LC08_167080_20230731,2023-07-31,12.76,8003.8,8180.16,8618.56,8414.84,8955.24,8023.92,0,0.0,90.88
1356363,1,767,Landsat8,LANDSAT/LC08/C02/T1_L2/LC08_185028_20240121,2024-01-21,22.05,7528.92,8046.08,9085.76,9667.52,11336.28,8779.0,0,0.0,218.96
1356363,1,767,Landsat8,LANDSAT/LC08/C02/T1_L2/LC08_185028_20240309,2024-03-09,17.7,7894.08,8349.8,9230.4,9705.8,10043.76,8347.4,0,0.0,154.88
1370759,1,715,Landsat8,LANDSAT/LC08/C02/T1_L2/LC08_121035_20231204,2023-12-04,33.57,9470.84,9828.8,10375.84,10506.0,10762.08,12922.36,0,0.0,221.44
1370759,1,715,Landsat8,LANDSAT/LC08/C02/T1_L2/LC08_121035_20231220,2023-12-20,5.78,10911.48,10906.24,10880.16,10681.64,10509.4,12029.04,0,0.0,218.88
1370759,1,715,Landsat8,LANDSAT/LC08/C02/T1_L2/LC08_121035_20240105,2024-01-05,0.33,10462.2,10477.92,10424.68,10304.6,10213.68,11997.16,0,0.0,154.88
1081990,1,402,Landsat8,LANDSAT/LC08/C02/T1_L2/LC08_221062_20210516,2021-05-16,10.63,7317.44,7528.2,8181.68,8142.56,9042.48,7597.4,0,0.0,98.72
1081990,1,402,Landsat8,LANDSAT/LC08/C02/T1_L2/LC08_221062_20210804,2021-08-04,13.33,7698.04,7777.36,8120.88,8076.6,8478.36,7534.28,0,0.0,90.88
1081990,1,402,Landsat8,LANDSAT/LC08/C02/T1_L2/LC08_221062_20210905,2021-09-05,24.46,8329.48,8606.8,9201.56,9359.32,10199.84,8404.52,0,0.0,172.88
1081990,1,402,Landsat8,LANDSAT/LC08/C02/T1_L2/LC08_221062_20211124,2021-11-24,45.34,7892.92,8423.28,9602.56,9802.88,11001.48,9272.04,0,0.0,219.36
1081990,1,402,Landsat8,LANDSAT/LC08/C02/T1_L2/LC08_221062_20220620,2022-06-20,33.33,7455.32,7630.88,8160.96,8075.84,8322.56,7675.16,0,0.0,165.92
1081990,1,402,Landsat8,LANDSAT/LC08/C02/T1_L2/LC08_221062_20220722,2022-07-22,19.92,7720.56,7880.2,8316.72,8298.6,8478.12,7684.08,0,0.0,154.88
1081990,1,402,Landsat8,LANDSAT/LC08/C02/T1_L2/LC08_221062_20220823,2022-08-23,17.74,7375.32,7649.08,8184.08,8254.52,8539.6,7841.04,0,0.0,203.52
1081990,1,402,Landsat8,LANDSAT/LC08/C02/T1_L2/LC08_221062_20221213,2022-12-13,16.06,8012.0,8210.44,8640.08,8667.92,8713.04,8053.04,0,0.0,142.08
1081990,1,402,Landsat8,LANDSAT/LC08/C02/T1_L2/LC08_221062_20230420,2023-04-20,37.99,7208.64,7367.6,7746.88,7632.56,8173.68,7457.8,0,0.0,170.24
1081990,1,402,Landsat8,LANDSAT/LC08/C02/T1_L2/LC08_221062_20230522,2023-05-22,41.02,7446.68,7652.4,8199.16,8065.32,8691.12,7695.36,0,0.0,218.88
1081990,1,402,Landsat8,LANDSAT/LC08/C02/T1_L2/LC08_221062_20230826,2023-08-26,36.22,8068.32,8307.76,8850.68,8976.0,9173.52,7857.92,0,0.0,195.84
1081990,1,402,Landsat8,LANDSAT/LC08/C02/T1_L2/LC08_221062_20231114,2023-11-14,24.5,7880.64,8136.6,8690.92,8733.24,8765.84,8076.72,0,0.0,211.2
1420303,1,228,Landsat8,LANDSAT/LC08/C02/T1_L2/LC08_167079_20240412,2024-04-12,9.07,7974.44,8405.96,9423.52,9265.52,10168.76,8381.96,0,0.0,134.4
1420303,1,228,Landsat8,LANDSAT/LC08/C02/T1_L2/LC08_167079_20240428,2024-04-28,25.13,7875.24,8209.28,9269.28,8903.96,9966.84,8483.44,0,0.0,90.88
1419950,1,228,Landsat8,LANDSAT/LC08/C02/T1_L2/LC08_169079_20210301,2021-03-01,14.24,7673.96,7748.4,7957.84,7843.8,7992.24,7377.12,0,0.0,93.44
1419950,1,228,Landsat8,LANDSAT/LC08/C02/T1_L2/LC08_169079_20210402,2021-04-02,0.04,7584.92,7636.36,7806.52,7719.88,7959.0,7406.12,0,0.0,90.88
1419950,1,228,Landsat8,LANDSAT/LC08/C02/T1_L2/LC08_169079_20210418,2021-04-18,0.9,7608.92,7740.04,8027.0,7941.36,8234.2,7517.28,0,0.0,157.44
1419950,1,228,Landsat8,LANDSAT/LC08/C02/T1_L2/LC08_169079_20210504,2021-05-04,0.01,7501.84,7596.68,7825.0,7781.28,8010.8,7477.04,0,0.0,90.88
1419950,1,228,Landsat8,LANDSAT/LC08/C02/T1_L2/LC08_169079_20210520,2021-05-20,40.45,7597.24,7717.52,7987.08,7930.04,8203.48,7567.44,0,0.0,154.88
1419950,1,228,Landsat8,LANDSAT/LC08/C02/T1_L2/LC08_169079_20210605,2021-06-05,0.37,7328.64,7451.44,7711.84,7693.04,8070.48,7550.24,0,0.0,90.88
1419950,1,228,Landsat8,LANDSAT/LC08/C02/T1_L2/LC08_169079_20210621,2021-06-21,0.02,7332.92,7491.84,7825.48,7792.12,8238.04,7654.6,0,0.0,160.72
1419950,1,228,Landsat8,LANDSAT/LC08/C02/T1_L2/LC08_169079_20210723,2021-07-23,0.57,7299.72,7498.92,7903.12,7957.0,8560.72,7844.92,0,0.0,157.44
1419950,1,228,Landsat8,LANDSAT/LC08/C02/T1_L2/LC08_169079_20230102,2023-01-02,0.5,7491.72,7505.04,7622.08,7486.8,7497.32,7349.0,0,0.0,94.72
1419950,1,228,Landsat8,LANDSAT/LC08/C02/T1_L2/LC08_169079_20230118,2023-01-18,14.76,7507.12,7605.44,7972.56,7709.92,7895.52,7507.64,0,0.0,222.72
1419950,1,228,Landsat8,LANDSAT/LC08/C02/T1_L2/LC08_169079_20230408,2023-04-08,1.21,7618.44,7877.32,8853.52,8165.48,8492.08,7392.48,0,0.0,151.04
1419950,1,228,Landsat8,LANDSAT/LC08/C02/T1_L2/LC08_169079_20230510,2023-05-10,16.43,7525.76,7789.64,8683.96,8074.76,8357.04,7380.68,0,0.0,155.36
1419950,1,228,Landsat8,LANDSAT/LC08/C02/T1_L2/LC08_169079_20230526,2023-05-26,0.01,7851.2,7996.92,8644.88,8288.24,8340.16,7442.12,0,0.0,93.44
1419950,1,228,Landsat8,LANDSAT/LC08/C02/T1_L2/LC08_169079_20230611,2023-06-11,0.43,7693.76,7868.56,8663.72,8351.08,8449.8,7384.12,0,0.0,93.44
1419950,1,228,Landsat8,LANDSAT/LC08/C02/T1_L2/LC08_169079_20230627,2023-06-27,17.29,7764.36,7990.04,8585.52,8448.12,8126.56,7504.52,0,0.0,170.24
1419950,1,228,Landsat8,LANDSAT/LC08/C02/T1_L2/LC08_169079_20230713,2023-07-13,4.16,7791.6,7989.28,8780.72,8563.92,8259.96,7421.0,0,0.0,154.88
1419950,1,228,Landsat8,LANDSAT/LC08/C02/T1_L2/LC08_169079_20230729,2023-07-29,0.33,8083.04,8505.04,9563.64,9501.84,9395.4,8423.12,0,0.0,218.88
1419950,1,228,Landsat8,LANDSAT/LC08/C02/T1_L2/LC08_169079_20230814,2023-08-14,0.01,8299.48,8546.0,9336.08,9236.4,8787.8,7631.08,0,0.0,139.52
1419950,1,228,Landsat8,LANDSAT/LC08/C02/T1_L2/LC08_169079_20230830,2023-08-30,0.03,7289.28,7492.12,8298.36,7908.36,7801.88,7422.24,0,0.0,158.72
1419950,1,228,Landsat8,LANDSAT/LC08/C02/T1_L2/LC08_169079_20230915,2023-09-15,0.82,7461.28,7628.64,8299.4,7943.24,8027.64,7470.64,0,0.0,157.44
1419950,1,228,Landsat8,LANDSAT/LC08/C02/T1_L2/LC08_169079_20231001,2023-10-01,41.45,8303.16,8325.84,8757.08,8280.4,8344.24,7477.56,0,0.0,96.0
1419950,1,228,Landsat8,LANDSAT/LC08/C02/T1_L2/LC08_169079_20231204,2023-12-04,2.15,8117.84,8317.88,9147.28,8700.32,8210.84,7637.04,0,0.0,157.44
1419950,1,228,Landsat8,LANDSAT/LC08/C02/T1_L2/LC08_169079_20240410,2024-04-10,0.02,7854.36,8125.6,9128.52,8938.28,8256.88,7350.04,0,0.0,93.44
1419950,1,228,Landsat8,LANDSAT/LC08/C02/T1_L2/LC08_170079_20210220,2021-02-20,0.01,7294.76,7530.12,8041.84,8048.4,8190.72,7620.48,0,0.0,94.48
1419950,1,228,Landsat8,LANDSAT/LC08/C02/T1_L2/LC08_170079_20210308,2021-03-08,0.04,7279.16,7413.28,7752.44,7719.96,7958.16,7405.28,0,0.0,93.68
1419950,1,228,Landsat8,LANDSAT/LC08/C02/T1_L2/LC08_170079_20210409,2021-04-09,0.0,7277.16,7380.08,7649.0,7630.24,7883.0,7406.04,0,0.0,90.88
1419950,1,228,Landsat8,LANDSAT/LC08/C02/T1_L2/LC08_170079_20210425,2021-04-25,0.0,7503.92,7567.6,7762.28,7756.88,7987.56,7443.52,0,0.0,90.88
1419950,1,228,Landsat8,LANDSAT/LC08/C02/T1_L2/LC08_170079_20210511,2021-05-11,0.01,7523.2,7589.52,7784.88,7782.12,7980.8,7461.2,0,0.0,90.88
1419950,1,228,Landsat8,LANDSAT/LC08/C02/T1_L2/LC08_170079_20210527,2021-05-27,0.01,7254.6,7410.64,7753.2,7722.4,8028.64,7577.6,0,0.0,158.24
1419950,1,228,Landsat8,LANDSAT/LC08/C02/T1_L2/LC08_170079_20210612,2021-06-12,0.01,7301.84,7436.88,7748.04,7729.32,8075.4,7586.48,0,0.0,161.6
1419950,1,228,Landsat8,LANDSAT/LC08/C02/T1_L2/LC08_170079_20210628,2021-06-28,0.15,7286.56,7454.2,7828.28,7829.72,8324.24,7743.24,0,0.0,158.72
1419950,1,228,Landsat8,LANDSAT/LC08/C02/T1_L2/LC08_170079_20221208,2022-12-08,36.5,7390.72,7726.32,8426.2,8289.08,8631.44,7619.44,0,0.0,221.44
1419950,1,228,Landsat8,LANDSAT/LC08/C02/T1_L2/LC08_170079_20230314,2023-03-14,9.27,7553.28,7664.68,8052.52,7903.84,7774.16,7347.96,0,0.0,90.88
1419950,1,228,Landsat8,LANDSAT/LC08/C02/T1_L2/LC08_170079_20230330,2023-03-30,25.79,7637.68,7806.2,8541.96,8085.08,7969.24,7365.6,0,0.0,93.44
1419950,1,228,Landsat8,LANDSAT/LC08/C02/T1_L2/LC08_170079_20230602,2023-06-02,0.0,7620.44,7750.92,8378.76,8154.68,8299.6,7357.16,0,0.0,90.88
1419950,1,228,Landsat8,LANDSAT/LC08/C02/T1_L2/LC08_170079_20230618,2023-06-18,0.01,7921.12,8123.44,8937.36,8670.72,8478.96,7414.96,0,0.0,94.72
1419950,1,228,Landsat8,LANDSAT/LC08/C02/T1_L2/LC08_170079_20230704,2023-07-04,0.01,7685.24,7861.32,8532.84,8439.4,8081.88,7421.96,0,0.0,90.88
1419950,1,228,Landsat8,LANDSAT/LC08/C02/T1_L2/LC08_170079_20230821,2023-08-21,0.01,8291.2,8486.28,9207.36,8978.28,8707.72,7507.88,0,0.0,93.44
1419950,1,228,Landsat8,LANDSAT/LC08/C02/T1_L2/LC08_170079_20230906,2023-09-06,0.01,8351.68,8640.16,9274.12,9045.6,9252.04,7611.84,0,0.0,144.64
1419950,1,228,Landsat8,LANDSAT/LC08/C02/T1_L2/LC08_170079_20230922,2023-09-22,0.0,7895.4,7987.28,8448.12,8143.36,8275.84,7472.56,0,0.0,93.44
1419950,1,228,Landsat8,LANDSAT/LC08/C02/T1_L2/LC08_170079_20231008,2023-10-08,2.14,8782.88,8942.2,9483.24,9292.84,9081.28,7890.8,0,0.0,90.88
1419950,1,228,Landsat8,LANDSAT/LC08/C02/T1_L2/LC08_170079_20240316,2024-03-16,1.53,7850.2,8145.48,9223.6,9024.56,8756.24,7417.68,0,0.0,90.88
1419950,1,228,Landsat8,LANDSAT/LC08/C02/T1_L2/LC08_170079_20240401,2024-04-01,33.9,8091.72,8438.64,9555.76,9650.48,8488.68,7425.64,0,0.0,90.88
1419950,1,228,Landsat8,LANDSAT/LC08/C02/T1_L2/LC08_170079_20240417,2024-04-17,18.63,7298.08,7753.84,8853.84,8729.6,7962.6,7437.6,0,0.0,158.96
1419950,1,228,Landsat8,LANDSAT/LC08/C02/T1_L2/LC08_170079_20240503,2024-05-03,0.02,7336.68,7626.6,8448.76,8369.24,8294.48,7443.96,0,0.0,131.84
1075023,1,489,Landsat8,LANDSAT/LC08/C02/T1_L2/LC08_009053_20211213,2021-12-13,6.33,8293.64,8700.72,10051.48,9708.88,11801.28,7775.96,0,0.0,90.96
1075023,1,489,Landsat8,LANDSAT/LC08/C02/T1_L2/LC08_009053_20220709,2022-07-09,9.61,8162.96,8647.48,9939.96,9875.16,9375.88,7515.36,0,0.0,113.92
1075023,1,489,Landsat8,LANDSAT/LC08/C02/T1_L2/LC08_009053_20221029,2022-10-29,20.16,8400.16,8854.72,10201.24,9917.12,10296.96,7722.36,0,0.0,158.72
1075023,1,489,Landsat8,LANDSAT/LC08/C02/T1_L2/LC08_009053_20221216,2022-12-16,2.86,8155.16,8655.32,9950.48,9703.28,10784.76,7663.2,0,0.0,152.4
1075023,1,489,Landsat8,LANDSAT/LC08/C02/T1_L2/LC08_009054_20211213,2021-12-13,23.69,8179.0,8624.92,10015.28,9679.96,11794.96,7771.64,0,0.0,90.96
1075023,1,489,Landsat8,LANDSAT/LC08/C02/T1_L2/LC08_009054_20220709,2022-07-09,15.39,8066.28,8579.32,9911.88,9850.96,9385.8,7517.96,0,0.0,157.52
1075023,1,489,Landsat8,LANDSAT/LC08/C02/T1_L2/LC08_009054_20221029,2022-10-29,20.07,8219.6,8731.44,10161.52,9889.16,10332.0,7730.48,0,0.0,155.04
1075023,1,489,Landsat8,LANDSAT/LC08/C02/T1_L2/LC08_009054_20221216,2022-12-16,18.65,8209.92,8692.32,9968.0,9714.52,10793.56,7667.76,0,0.0,152.4
1411404,1,348,Landsat8,LANDSAT/LC08/C02/T1_L2/LC08_171068_20210315,2021-03-15,28.15,7419.04,7543.44,8114.32,7834.16,9912.32,7927.52,0,0.0,108.8
1409676,1,387,Landsat8,LANDSAT/LC08/C02/T1_L2/LC08_101064_20231005,2023-10-05,35.54,7439.56,7614.32,8047.56,8106.92,9006.64,8022.76,0,0.0,158.72
1411432,1,348,Landsat8,LANDSAT/LC08/C02/T1_L2/LC08_171068_20230913,2023-09-13,15.83,7904.16,8254.2,8929.76,8763.48,9338.96,7891.4,0,0.0,218.88
1081770,1,402,Landsat8,LANDSAT/LC08/C02/T1_L2/LC08_221062_20210329,2021-03-29,46.17,7503.52,7776.76,8349.24,8440.84,8487.0,7691.36,0,0.0,154.88
1081770,1,402,Landsat8,LANDSAT/LC08/C02/T1_L2/LC08_221062_20210804,2021-08-04,13.33,7675.4,7800.88,8281.4,8234.84,9472.72,7692.44,0,0.0,90.88
1081770,1,402,Landsat8,LANDSAT/LC08/C02/T1_L2/LC08_221062_20221127,2022-11-27,49.35,4706.16,5452.6,8610.2,7808.08,9747.88,9275.68,0,0.0,218.96
1081770,1,402,Landsat8,LANDSAT/LC08/C02/T1_L2/LC08_221062_20221213,2022-12-13,16.06,6858.32,7281.64,8206.96,8397.68,8319.56,7905.28,0,0.0,193.28
1081770,1,402,Landsat8,LANDSAT/LC08/C02/T1_L2/LC08_221062_20231130,2023-11-30,28.84,8572.96,8711.44,9085.28,9256.96,8741.48,7770.96,0,0.0,94.4
1418326,1,228,Landsat8,LANDSAT/LC08/C02/T1_L2/LC08_167077_20210130,2021-01-30,33.27,7054.36,7230.2,7780.64,7830.36,8321.08,7516.2,0,0.0,154.88
1418326,1,228,Landsat8,LANDSAT/LC08/C02/T1_L2/LC08_167077_20230221,2023-02-21,0.83,7273.64,7358.48,7612.24,7635.32,7634.44,7425.76,0,0.0,97.12
1345372,1,800,Landsat8,LANDSAT/LC08/C02/T1_L2/LC08_166026_20220416,2022-04-16,38.3,9785.92,10917.2,13067.72,13045.56,9929.64,8391.2,0,0.0,154.88
1345372,1,800,Landsat8,LANDSAT/LC08/C02/T1_L2/LC08_166026_20220518,2022-05-18,19.97,9718.76,10644.88,12498.08,12512.84,9781.28,7930.36,0,0.0,147.2
1345372,1,800,Landsat8,LANDSAT/LC08/C02/T1_L2/LC08_166026_20240405,2024-04-05,0.05,10085.04,11163.56,13154.92,12995.84,9498.56,8070.68,0,0.0,106.24
1345372,1,800,Landsat8,LANDSAT/LC08/C02/T1_L2/LC08_167026_20220407,2022-04-07,0.03,9693.88,10673.16,12770.44,12624.52,8790.64,7635.48,0,0.0,90.88
1345372,1,800,Landsat8,LANDSAT/LC08/C02/T1_L2/LC08_167026_20220525,2022-05-25,6.95,9363.56,10153.48,11873.2,11878.92,9627.16,8196.2,0,0.0,90.88
1418333,1,228,Landsat8,LANDSAT/LC08/C02/T1_L2/LC08_167077_20230221,2023-02-21,0.83,7301.24,7409.2,7695.76,7615.16,8232.04,7577.56,0,0.0,96.8
1411262,1,348,Landsat8,LANDSAT/LC08/C02/T1_L2/LC08_171068_20210721,2021-07-21,0.0,7454.52,7611.56,7882.16,7702.0,7973.52,7441.72,0,0.0,120.32
1411262,1,348,Landsat8,LANDSAT/LC08/C02/T1_L2/LC08_171068_20210806,2021-08-06,0.0,7602.96,7922.88,8413.92,8229.52,8555.48,7522.48,0,0.0,222.72
1411262,1,348,Landsat8,LANDSAT/LC08/C02/T1_L2/LC08_171068_20210907,2021-09-07,0.0,7540.76,7969.16,8822.32,8460.76,8868.72,7556.44,0,0.0,223.92
1411262,1,348,Landsat8,LANDSAT/LC08/C02/T1_L2/LC08_171068_20211025,2021-10-25,6.54,8055.04,8512.96,9400.64,9318.92,9615.28,8604.96,0,0.0,221.44
1411262,1,348,Landsat8,LANDSAT/LC08/C02/T1_L2/LC08_171068_20211110,2021-11-10,0.17,7665.96,7899.28,8389.16,8192.28,8263.8,7584.84,0,0.0,221.44
1411262,1,348,Landsat8,LANDSAT/LC08/C02/T1_L2/LC08_171068_20211212,2021-12-12,0.09,7850.6,8102.2,8614.16,8522.16,8604.8,8017.36,0,0.0,157.44
1411262,1,348,Landsat8,LANDSAT/LC08/C02/T1_L2/LC08_171068_20220419,2022-04-19,27.57,7125.84,7334.64,7721.44,7505.68,7904.08,7462.68,0,0.0,157.44
1411262,1,348,Landsat8,LANDSAT/LC08/C02/T1_L2/LC08_171068_20220505,2022-05-05,2.59,7234.68,7391.4,7706.56,7497.4,7860.12,7422.72,0,0.0,94.72
1411262,1,348,Landsat8,LANDSAT/LC08/C02/T1_L2/LC08_171068_20220521,2022-05-21,13.1,7292.44,7492.56,7894.16,7674.56,8102.84,7496.52,0,0.0,157.44
1411262,1,348,Landsat8,LANDSAT/LC08/C02/T1_L2/LC08_171068_20220606,2022-06-06,0.71,7290.0,7464.96,7798.4,7606.12,8000.44,7502.96,0,0.0,162.56
1411262,1,348,Landsat8,LANDSAT/LC08/C02/T1_L2/LC08_171068_20220622,2022-06-22,0.02,7356.16,7520.96,7822.56,7655.24,7939.68,7423.32,0,0.0,93.44
1411262,1,348,Landsat8,LANDSAT/LC08/C02/T1_L2/LC08_171068_20220708,2022-07-08,10.21,7297.36,7410.56,7658.52,7495.8,7701.16,7404.08,0,0.0,97.6
1411262,1,348,Landsat8,LANDSAT/LC08/C02/T1_L2/LC08_171068_20220724,2022-07-24,0.0,7471.04,7790.52,8323.56,8135.84,8476.68,7492.24,0,0.0,221.44
1411262,1,348,Landsat8,LANDSAT/LC08/C02/T1_L2/LC08_171068_20220809,2022-08-09,0.0,7527.2,7694.76,7962.48,7791.8,7897.28,7443.92,0,0.0,136.96
1411262,1,348,Landsat8,LANDSAT/LC08/C02/T1_L2/LC08_171068_20220825,2022-08-25,0.0,7739.56,7999.32,8453.52,8267.32,8427.0,7631.12,0,0.0,157.44
1411262,1,348,Landsat8,LANDSAT/LC08/C02/T1_L2/LC08_171068_20220910,2022-09-10,0.0,7794.8,8206.56,8945.6,8659.16,8828.04,7563.2,0,0.0,222.72
1411262,1,348,Landsat8,LANDSAT/LC08/C02/T1_L2/LC08_171068_20221028,2022-10-28,0.6,8217.44,8662.36,9427.36,9104.48,8742.64,7741.0,0,0.0,221.44
1411262,1,348,Landsat8,LANDSAT/LC08/C02/T1_L2/LC08_171068_20230508,2023-05-08,0.01,7204.64,7358.56,7682.56,7497.48,7801.16,7394.52,0,0.0,115.2
1411262,1,348,Landsat8,LANDSAT/LC08/C02/T1_L2/LC08_171068_20230524,2023-05-24,0.08,7272.8,7432.84,7752.0,7589.6,7904.24,7464.44,0,0.0,94.72
1411262,1,348,Landsat8,LANDSAT/LC08/C02/T1_L2/LC08_171068_20230609,2023-06-09,0.0,7274.88,7400.16,7681.16,7511.72,7755.52,7413.4,0,0.0,98.56
1411262,1,348,Landsat8,LANDSAT/LC08/C02/T1_L2/LC08_171068_20230625,2023-06-25,0.29,7305.68,7414.76,7665.56,7488.04,7677.36,7382.6,0,0.0,97.6
1411262,1,348,Landsat8,LANDSAT/LC08/C02/T1_L2/LC08_171068_20230711,2023-07-11,0.0,7484.68,7770.6,8256.4,8061.8,8357.36,7468.88,0,0.0,222.72
1411262,1,348,Landsat8,LANDSAT/LC08/C02/T1_L2/LC08_171068_20230727,2023-07-27,0.02,7648.44,7796.96,8072.32,7921.36,8102.92,7605.68,0,0.0,96.0
1411262,1,348,Landsat8,LANDSAT/LC08/C02/T1_L2/LC08_171068_20230812,2023-08-12,0.0,7660.96,8126.36,8864.48,8651.44,8963.72,7549.36,0,0.0,221.44
1411262,1,348,Landsat8,LANDSAT/LC08/C02/T1_L2/LC08_171068_20230913,2023-09-13,15.83,8024.88,8421.76,9106.68,8993.44,9339.6,8307.2,0,0.0,221.44
1411262,1,348,Landsat8,LANDSAT/LC08/C02/T1_L2/LC08_171068_20230929,2023-09-29,8.75,7841.88,8201.36,8933.24,8666.04,8833.32,7730.52,0,0.0,222.72
1411262,1,348,Landsat8,LANDSAT/LC08/C02/T1_L2/LC08_171068_20231116,2023-11-16,18.36,7668.68,8158.04,9030.68,8917.72,9325.4,8748.48,0,0.0,222.72
1411262,1,348,Landsat8,LANDSAT/LC08/C02/T1_L2/LC08_171068_20240220,2024-02-20,16.2,7361.6,7581.64,7994.16,8028.32,8038.64,7668.12,0,0.0,158.4
1411262,1,348,Landsat8,LANDSAT/LC08/C02/T1_L2/LC08_171068_20240424,2024-04-24,9.09,7180.56,7305.8,7549.4,7428.6,7640.72,7399.68,0,0.0,93.44
1411262,1,348,Landsat8,LANDSAT/LC08/C02/T1_L2/LC08_171068_20240510,2024-05-10,3.04,7209.52,7351.72,7628.28,7482.6,7722.76,7395.0,0,0.0,93.44
1344508,1,799,Landsat8,LANDSAT/LC08/C02/T1_L2/LC08_177026_20230502,2023-05-02,3.36,7369.2,7502.8,7836.4,7739.72,8072.48,7572.92,0,0.0,93.68
1346027,1,800,Landsat8,LANDSAT/LC08/C02/T1_L2/LC08_167026_20210725,2021-07-25,3.09,9578.52,9982.56,10704.56,10861.16,10702.72,9132.84,0,0.0,116.48
1416828,1,258,Landsat8,LANDSAT/LC08/C02/T1_L2/LC08_167074_20210130,2021-01-30,24.88,7669.48,8151.8,9103.48,9128.2,8688.32,7848.44,0,0.0,218.88
1416828,1,258,Landsat8,LANDSAT/LC08/C02/T1_L2/LC08_167075_20210130,2021-01-30,30.42,7704.52,8139.4,9065.84,9076.24,8611.56,7856.72,0,0.0,221.44
1419630,1,228,Landsat8,LANDSAT/LC08/C02/T1_L2/LC08_167078_20240412,2024-04-12,14.52,7423.56,7562.84,7785.2,7661.16,8167.16,7536.28,0,0.0,157.44
1419630,1,228,Landsat8,LANDSAT/LC08/C02/T1_L2/LC08_167079_20240412,2024-04-12,9.07,7382.28,7545.48,7795.64,7678.0,8185.68,7537.4,0,0.0,157.44
1420306,1,228,Landsat8,LANDSAT/LC08/C02/T1_L2/LC08_167079_20210303,2021-03-03,7.56,5754.619,5972.0455,6606.52,6535.2,7440.08,7469.76,0,0.0,170.24
1420306,1,228,Landsat8,LANDSAT/LC08/C02/T1_L2/LC08_167079_20210319,2021-03-19,18.6,7593.84,7733.12,8122.12,7868.4,8338.8,7472.92,0,0.0,158.08
1420306,1,228,Landsat8,LANDSAT/LC08/C02/T1_L2/LC08_167079_20210506,2021-05-06,22.15,7509.96,7767.04,8439.64,8152.48,8079.52,7517.2,0,0.0,164.8
1420306,1,228,Landsat8,LANDSAT/LC08/C02/T1_L2/LC08_167079_20210623,2021-06-23,1.64,7715.24,7961.0,8704.2,8270.56,8532.0,7646.12,0,0.0,222.72
1420306,1,228,Landsat8,LANDSAT/LC08/C02/T1_L2/LC08_167079_20210709,2021-07-09,0.26,7418.36,7760.04,8588.04,8257.04,8683.44,7743.64,0,0.0,221.76
1420306,1,228,Landsat8,LANDSAT/LC08/C02/T1_L2/LC08_167079_20210911,2021-09-11,7.76,7852.72,8122.0,8910.32,8701.0,7997.64,7648.12,0,0.0,90.88
1420306,1,228,Landsat8,LANDSAT/LC08/C02/T1_L2/LC08_167079_20210927,2021-09-27,1.68,7632.4,7897.08,8520.96,8287.2,8450.36,7713.28,0,0.0,154.88
1420306,1,228,Landsat8,LANDSAT/LC08/C02/T1_L2/LC08_167079_20211013,2021-10-13,2.13,7639.52,7880.28,8507.44,8194.8,8387.12,7748.8,0,0.0,157.44
1420306,1,228,Landsat8,LANDSAT/LC08/C02/T1_L2/LC08_167079_20230512,2023-05-12,29.12,7133.04,7528.84,8580.48,8230.84,8961.4,7862.2,0,0.0,221.44
1420306,1,228,Landsat8,LANDSAT/LC08/C02/T1_L2/LC08_167079_20230613,2023-06-13,8.43,7636.68,7883.36,8475.8,8280.68,8282.16,7651.28,0,0.0,94.72
1420306,1,228,Landsat8,LANDSAT/LC08/C02/T1_L2/LC08_167079_20230629,2023-06-29,3.46,7573.32,7860.84,8465.28,8177.32,8629.16,7632.64,0,0.0,221.44
1420306,1,228,Landsat8,LANDSAT/LC08/C02/T1_L2/LC08_167079_20230715,2023-07-15,18.35,7604.96,7856.36,8325.68,8079.6,8249.56,7656.76,0,0.0,93.44
1420306,1,228,Landsat8,LANDSAT/LC08/C02/T1_L2/LC08_167079_20230731,2023-07-31,5.15,7581.16,7782.64,8208.04,8035.8,8698.8,7892.88,0,0.0,93.44
1411244,1,348,Landsat8,LANDSAT/LC08/C02/T1_L2/LC08_171068_20210619,2021-06-19,5.28,7333.56,7507.52,7910.0,7785.68,8894.76,7618.8,0,0.0,116.48
1411244,1,348,Landsat8,LANDSAT/LC08/C02/T1_L2/LC08_171068_20210705,2021-07-05,0.0,7393.52,7524.72,7832.12,7720.92,8602.84,7519.32,0,0.0,90.88
1411244,1,348,Landsat8,LANDSAT/LC08/C02/T1_L2/LC08_171068_20211009,2021-10-09,0.0,7803.12,8055.24,8596.6,8406.92,8886.44,7823.88,0,0.0,216.64
1411244,1,348,Landsat8,LANDSAT/LC08/C02/T1_L2/LC08_171068_20211025,2021-10-25,6.54,7755.6,8193.56,9075.64,8869.64,9195.68,8013.16,0,0.0,218.88
1411244,1,348,Landsat8,LANDSAT/LC08/C02/T1_L2/LC08_171068_20211110,2021-11-10,0.17,7607.44,7910.96,8514.4,8324.4,8479.2,7707.64,0,0.0,221.44
1411244,1,348,Landsat8,LANDSAT/LC08/C02/T1_L2/LC08_171068_20211212,2021-12-12,0.09,7541.28,7732.16,8152.88,8018.84,8136.84,7618.32,0,0.0,142.08
1411244,1,348,Landsat8,LANDSAT/LC08/C02/T1_L2/LC08_171068_20220403,2022-04-03,31.72,7238.0,7454.76,7860.6,7627.36,8202.0,7614.68,0,0.0,157.2
1411244,1,348,Landsat8,LANDSAT/LC08/C02/T1_L2/LC08_171068_20220419,2022-04-19,27.57,7180.04,7378.44,7726.08,7496.24,7969.8,7448.2,0,0.0,154.88
1411244,1,348,Landsat8,LANDSAT/LC08/C02/T1_L2/LC08_171068_20220505,2022-05-05,2.59,7264.2,7411.08,7683.84,7482.2,7902.4,7414.76,0,0.0,92.88
1411244,1,348,Landsat8,LANDSAT/LC08/C02/T1_L2/LC08_171068_20220521,2022-05-21,13.1,7238.32,7444.72,7831.28,7623.76,8163.92,7492.2,0,0.0,157.44
1411244,1,348,Landsat8,LANDSAT/LC08/C02/T1_L2/LC08_171068_20220606,2022-06-06,0.71,7277.0,7467.68,7764.0,7601.64,8071.76,7509.24,0,0.0,156.0
1411244,1,348,Landsat8,LANDSAT/LC08/C02/T1_L2/LC08_171068_20220622,2022-06-22,0.02,7350.24,7525.32,7801.56,7644.16,8005.52,7430.76,0,0.0,98.56
1411244,1,348,Landsat8,LANDSAT/LC08/C02/T1_L2/LC08_171068_20220708,2022-07-08,10.21,7297.2,7409.12,7630.04,7487.96,7711.88,7409.44,0,0.0,94.96
1411244,1,348,Landsat8,LANDSAT/LC08/C02/T1_L2/LC08_171068_20220724,2022-07-24,0.0,7429.32,7733.92,8260.68,8079.04,8513.48,7495.92,0,0.0,221.44
1411244,1,348,Landsat8,LANDSAT/LC08/C02/T1_L2/LC08_171068_20220809,2022-08-09,0.0,7529.52,7678.2,7904.8,7741.24,7883.48,7428.0,0,0.0,121.6
1411244,1,348,Landsat8,LANDSAT/LC08/C02/T1_L2/LC08_171068_20220825,2022-08-25,0.0,7628.08,7888.56,8287.84,8119.44,8340.36,7535.28,0,0.0,167.68
1411244,1,348,Landsat8,LANDSAT/LC08/C02/T1_L2/LC08_171068_20220910,2022-09-10,0.0,7729.8,8157.12,8918.08,8639.32,8938.72,7578.6,0,0.0,218.88
1411244,1,348,Landsat8,LANDSAT/LC08/C02/T1_L2/LC08_171068_20221012,2022-10-12,3.69,8067.2,8563.56,9120.16,9143.12,9704.56,8762.24,0,0.0,213.76
1411244,1,348,Landsat8,LANDSAT/LC08/C02/T1_L2/LC08_171068_20221028,2022-10-28,0.6,8023.2,8341.32,8866.2,8604.76,8392.92,7640.52,0,0.0,218.88
1411244,1,348,Landsat8,LANDSAT/LC08/C02/T1_L2/LC08_171068_20230508,2023-05-08,0.01,7267.72,7437.2,7860.6,7639.2,8733.8,7579.36,0,0.0,111.36
1411244,1,348,Landsat8,LANDSAT/LC08/C02/T1_L2/LC08_171068_20230524,2023-05-24,0.08,7280.8,7458.6,7876.28,7665.64,8691.92,7567.2,0,0.0,90.88
1411244,1,348,Landsat8,LANDSAT/LC08/C02/T1_L2/LC08_171068_20230609,2023-06-09,0.0,7355.0,7494.6,7848.36,7657.24,8612.48,7567.76,0,0.0,90.88
1411244,1,348,Landsat8,LANDSAT/LC08/C02/T1_L2/LC08_171068_20230625,2023-06-25,0.29,7335.56,7446.2,7769.68,7598.56,8485.44,7514.8,0,0.0,94.24
1411244,1,348,Landsat8,LANDSAT/LC08/C02/T1_L2/LC08_171068_20230711,2023-07-11,0.0,7539.32,7814.4,8309.6,8128.8,9064.96,7584.28,0,0.0,218.88
1411244,1,348,Landsat8,LANDSAT/LC08/C02/T1_L2/LC08_171068_20230727,2023-07-27,0.02,7562.08,7717.36,8017.2,7885.56,8602.16,7613.92,0,0.0,106.24
1411244,1,348,Landsat8,LANDSAT/LC08/C02/T1_L2/LC08_171068_20230812,2023-08-12,0.0,7599.68,8079.24,8875.56,8682.84,9481.32,7657.2,0,0.0,218.88
1411244,1,348,Landsat8,LANDSAT/LC08/C02/T1_L2/LC08_171068_20230913,2023-09-13,15.83,8014.92,8400.0,9103.76,8990.4,9553.12,8244.4,0,0.0,218.88
1411244,1,348,Landsat8,LANDSAT/LC08/C02/T1_L2/LC08_171068_20230929,2023-09-29,8.75,7756.88,8130.96,8913.96,8660.72,9373.64,7842.12,0,0.0,218.88
1411534,1,348,Landsat8,LANDSAT/LC08/C02/T1_L2/LC08_171068_20210315,2021-03-15,28.15,7316.12,7436.24,7869.16,7671.28,8196.0,7484.72,0,0.0,94.48
1411534,1,348,Landsat8,LANDSAT/LC08/C02/T1_L2/LC08_171068_20240220,2024-02-20,16.2,7319.72,7434.6,7876.48,7780.88,8336.0,7523.88,0,0.0,94.48
1090811,1,342,Landsat8,LANDSAT/LC08/C02/T1_L2/LC08_219068_20220113,2022-01-13,28.43,7193.56,7490.76,8276.16,8165.32,7728.16,7427.0,0,0.0,203.52
1317029,1,831,Landsat8,LANDSAT/LC08/C02/T1_L2/LC08_159022_20240404,2024-04-04,31.9,7273.2,8026.16,9490.8,10318.4,10256.4,8544.16,0,0.0,218.88
1338428,1,800,Landsat8,LANDSAT/LC08/C02/T1_L2/LC08_167025_20240428,2024-04-28,1.24,7428.52,7998.52,9111.88,9005.48,9061.84,7792.04,0,0.0,221.44
1003616,1,791,Landsat8,LANDSAT/LC08/C02/T1_L2/LC08_003027_20230803,2023-08-03,2.99,7443.84,7514.68,7791.4,7687.16,8951.56,7535.4,0,0.0,97.92
1010283,1,761,Landsat8,LANDSAT/LC08/C02/T1_L2/LC08_002027_20221129,2022-11-29,34.61,7356.6,7341.84,7392.12,7213.12,7851.6,7637.24,0,0.0,151.12
1420727,1,198,Landsat8,LANDSAT/LC08/C02/T1_L2/LC08_169079_20220421,2022-04-21,5.64,7342.92,7459.36,7768.0,7891.4,8330.4,7463.2,0,0.0,94.72
1420727,1,198,Landsat8,LANDSAT/LC08/C02/T1_L2/LC08_169079_20220507,2022-05-07,3.59,7346.72,7475.32,7805.52,7906.76,8220.12,7481.84,0,0.0,151.04
1420727,1,198,Landsat8,LANDSAT/LC08/C02/T1_L2/LC08_169079_20220608,2022-06-08,0.01,7385.4,7509.4,7860.72,8020.96,8076.72,7455.36,0,0.0,159.52
1420727,1,198,Landsat8,LANDSAT/LC08/C02/T1_L2/LC08_169079_20220624,2022-06-24,24.38,7250.48,7494.44,8001.0,8204.64,8209.48,7438.04,0,0.0,158.72
1420727,1,198,Landsat8,LANDSAT/LC08/C02/T1_L2/LC08_169079_20220710,2022-07-10,0.21,7516.04,7822.92,8476.16,8682.32,8502.12,7527.2,0,0.0,221.44
1420727,1,198,Landsat8,LANDSAT/LC08/C02/T1_L2/LC08_169079_20220726,2022-07-26,0.74,7523.28,7817.36,8423.6,8677.52,8351.72,7451.12,0,0.0,157.44
1420727,1,198,Landsat8,LANDSAT/LC08/C02/T1_L2/LC08_169079_20220811,2022-08-11,0.01,7454.96,7760.36,8398.88,8622.48,8235.0,7421.88,0,0.0,158.24
1420727,1,198,Landsat8,LANDSAT/LC08/C02/T1_L2/LC08_169079_20220827,2022-08-27,0.04,7558.84,7957.12,8742.04,8976.2,8652.96,7553.84,0,0.0,223.68
1420727,1,198,Landsat8,LANDSAT/LC08/C02/T1_L2/LC08_169080_20220421,2022-04-21,0.03,7334.68,7461.4,7768.0,7907.24,8332.28,7459.72,0,0.0,90.88
1420727,1,198,Landsat8,LANDSAT/LC08/C02/T1_L2/LC08_169080_20220507,2022-05-07,17.7,7346.68,7462.32,7761.16,7875.92,8180.76,7478.16,0,0.0,92.16
1420727,1,198,Landsat8,LANDSAT/LC08/C02/T1_L2/LC08_169080_20220523,2022-05-23,16.24,7348.24,7495.76,7787.48,7939.2,8119.12,7429.68,0,0.0,90.88
1420727,1,198,Landsat8,LANDSAT/LC08/C02/T1_L2/LC08_169080_20220608,2022-06-08,0.43,7358.0,7547.2,7940.52,8142.32,8192.12,7461.96,0,0.0,90.88
1420727,1,198,Landsat8,LANDSAT/LC08/C02/T1_L2/LC08_169080_20220624,2022-06-24,2.73,7320.4,7551.76,8016.2,8233.56,8225.24,7438.4,0,0.0,90.88
1420727,1,198,Landsat8,LANDSAT/LC08/C02/T1_L2/LC08_169080_20220710,2022-07-10,2.21,7525.28,7877.56,8527.96,8762.32,8563.12,7527.28,0,0.0,195.84
1420727,1,198,Landsat8,LANDSAT/LC08/C02/T1_L2/LC08_169080_20220726,2022-07-26,1.02,7466.52,7786.28,8396.6,8670.52,8347.44,7447.68,0,0.0,90.88
1420727,1,198,Landsat8,LANDSAT/LC08/C02/T1_L2/LC08_169080_20220811,2022-08-11,0.22,7601.84,7888.24,8468.28,8697.68,8291.6,7423.16,0,0.0,90.88
1420727,1,198,Landsat8,LANDSAT/LC08/C02/T1_L2/LC08_169080_20220827,2022-08-27,0.13,7570.6,7983.48,8756.2,9001.76,8668.56,7554.52,0,0.0,162.56
1420727,1,198,Landsat8,LANDSAT/LC08/C02/T1_L2/LC08_170079_20220428,2022-04-28,40.3,7331.36,7447.68,7768.0,7852.92,8224.12,7467.76,0,0.0,157.44
1420727,1,198,Landsat8,LANDSAT/LC08/C02/T1_L2/LC08_170079_20220530,2022-05-30,0.4,7375.36,7539.84,7914.64,8115.64,8167.48,7474.08,0,0.0,95.36
1420727,1,198,Landsat8,LANDSAT/LC08/C02/T1_L2/LC08_170079_20220615,2022-06-15,1.01,7430.52,7662.24,8139.68,8415.24,8294.8,7467.52,0,0.0,93.44
1420727,1,198,Landsat8,LANDSAT/LC08/C02/T1_L2/LC08_170079_20220701,2022-07-01,0.0,7394.6,7621.24,8119.76,8351.28,8265.4,7476.2,0,0.0,98.08
1420727,1,198,Landsat8,LANDSAT/LC08/C02/T1_L2/LC08_170079_20220717,2022-07-17,13.21,7406.64,7684.2,8302.28,8581.08,8300.24,7435.0,0,0.0,91.68
1420727,1,198,Landsat8,LANDSAT/LC08/C02/T1_L2/LC08_170079_20220818,2022-08-18,0.01,7606.2,7954.04,8641.08,8910.52,8454.16,7493.76,0,0.0,90.88
1420727,1,198,Landsat8,LANDSAT/LC08/C02/T1_L2/LC08_170079_20220903,2022-09-03,0.0,7620.76,8059.4,8898.92,9172.04,8910.88,7562.2,0,0.0,186.16
1334006,1,800,Landsat8,LANDSAT/LC08/C02/T1_L2/LC08_167024_20231206,2023-12-06,43.78,7388.24,7412.0,8003.28,7694.76,9890.36,9272.8,0,0.0,225.44
1334006,1,800,Landsat8,LANDSAT/LC08/C02/T1_L2/LC08_167024_20240428,2024-04-28,43.59,7228.6,7881.24,9169.44,9270.44,8629.0,7864.8,0,0.0,221.44
1334006,1,800,Landsat8,LANDSAT/LC08/C02/T1_L2/LC08_168024_20240419,2024-04-19,0.0,7938.04,8448.84,9659.88,10128.64,8360.28,7685.92,0,0.0,157.44
1407353,1,415,Landsat8,LANDSAT/LC08/C02/T1_L2/LC08_116060_20230523,2023-05-23,36.88,7867.36,8077.68,8589.88,8522.32,8351.0,7517.8,0,0.0,158.72
1407353,1,415,Landsat8,LANDSAT/LC08/C02/T1_L2/LC08_116061_20230624,2023-06-24,15.15,8365.8,8784.28,9936.6,10151.36,10060.4,7940.04,0,0.0,154.88
1094103,1,312,Landsat8,LANDSAT/LC08/C02/T1_L2/LC08_216070_20220617,2022-06-17,3.65,7349.36,7490.68,7795.36,7859.8,9136.32,7848.44,0,0.0,97.36
1094103,1,312,Landsat8,LANDSAT/LC08/C02/T1_L2/LC08_216070_20220804,2022-08-04,8.9,7454.12,7628.56,8009.88,8127.72,9528.8,7999.76,0,0.0,94.72
1094103,1,312,Landsat8,LANDSAT/LC08/C02/T1_L2/LC08_216070_20220905,2022-09-05,42.25,7391.4,7598.56,8066.52,8194.28,9766.48,8182.96,0,0.0,153.6
1094103,1,312,Landsat8,LANDSAT/LC08/C02/T1_L2/LC08_216070_20221007,2022-10-07,31.9,7410.68,7722.16,8387.8,8501.68,10904.68,8497.48,0,0.0,160.08
1094103,1,312,Landsat8,LANDSAT/LC08/C02/T1_L2/LC08_216070_20231010,2023-10-10,45.02,7488.84,7712.56,8212.08,8244.04,9722.96,8488.8,0,0.0,158.72
1094103,1,312,Landsat8,LANDSAT/LC08/C02/T1_L2/LC08_216070_20231111,2023-11-11,15.42,7538.2,7717.48,8127.72,8194.32,9250.6,8344.28,0,0.0,94.72
1094103,1,312,Landsat8,LANDSAT/LC08/C02/T1_L2/LC08_216070_20231127,2023-11-27,31.28,7039.52,7324.32,8014.64,8111.88,9097.44,8195.12,0,0.0,202.24
1094103,1,312,Landsat8,LANDSAT/LC08/C02/T1_L2/LC08_216070_20240318,2024-03-18,6.77,7340.68,7526.08,7933.28,7915.72,9079.96,7981.16,0,0.0,145.92
1094103,1,312,Landsat8,LANDSAT/LC08/C02/T1_L2/LC08_217070_20220320,2022-03-20,39.32,7281.6,7501.36,7984.08,7898.68,9270.72,7953.48,0,0.0,190.8
1094103,1,312,Landsat8,LANDSAT/LC08/C02/T1_L2/LC08_217070_20220421,2022-04-21,14.72,7257.36,7415.4,7729.84,7704.32,9076.0,7810.76,0,0.0,96.8
1094103,1,312,Landsat8,LANDSAT/LC08/C02/T1_L2/LC08_217070_20220608,2022-06-08,0.03,7355.8,7497.88,7860.56,7896.88,9693.92,7982.0,0,0.0,93.52
1094103,1,312,Landsat8,LANDSAT/LC08/C02/T1_L2/LC08_217070_20220624,2022-06-24,37.38,7368.32,7503.52,7842.28,7899.4,9175.56,7918.04,0,0.0,116.56
1094103,1,312,Landsat8,LANDSAT/LC08/C02/T1_L2/LC08_217070_20220811,2022-08-11,0.35,7405.96,7610.68,8073.72,8207.12,10132.52,8169.64,0,0.0,93.52
1094103,1,312,Landsat8,LANDSAT/LC08/C02/T1_L2/LC08_217070_20220912,2022-09-12,6.26,7541.08,7711.12,8140.48,8286.04,9815.68,8331.08,0,0.0,90.96
1094103,1,312,Landsat8,LANDSAT/LC08/C02/T1_L2/LC08_217070_20230713,2023-07-13,0.0,7342.28,7460.24,7807.32,7728.44,10122.6,7969.04,0,0.0,91.04
1094103,1,312,Landsat8,LANDSAT/LC08/C02/T1_L2/LC08_217070_20230814,2023-08-14,33.35,7039.44,7241.08,7830.48,7716.0,10608.4,8251.76,0,0.0,201.12
1094103,1,312,Landsat8,LANDSAT/LC08/C02/T1_L2/LC08_217070_20230915,2023-09-15,0.01,7340.4,7528.4,7917.4,7906.8,9479.48,8130.56,0,0.0,95.28
1094103,1,312,Landsat8,LANDSAT/LC08/C02/T1_L2/LC08_217070_20231001,2023-10-01,20.95,7892.36,8185.44,8787.44,8821.12,10347.8,8930.08,0,0.0,170.32
1094103,1,312,Landsat8,LANDSAT/LC08/C02/T1_L2/LC08_217070_20231118,2023-11-18,9.68,8252.36,8643.8,9318.4,9489.12,10730.56,9471.28,0,0.0,147.28
1094103,1,312,Landsat8,LANDSAT/LC08/C02/T1_L2/LC08_217070_20231204,2023-12-04,9.62,8157.96,8456.68,8992.36,9230.6,10069.56,8910.88,0,0.0,90.96
1094103,1,312,Landsat8,LANDSAT/LC08/C02/T1_L2/LC08_217070_20240206,2024-02-06,36.73,8287.44,8536.08,8898.32,8930.64,9847.8,8720.52,0,0.0,93.52
1094103,1,312,Landsat8,LANDSAT/LC08/C02/T1_L2/LC08_217070_20240325,2024-03-25,17.16,7664.72,7816.96,8203.76,8284.12,9104.24,8087.2,0,0.0,94.72
1339822,1,805,Landsat8,LANDSAT/LC08/C02/T1_L2/LC08_126026_20211115,2021-11-15,0.34,12808.48,14915.56,17976.64,17982.56,10696.88,7490.72,0,0.0,221.44
1339822,1,805,Landsat8,LANDSAT/LC08/C02/T1_L2/LC08_127025_20211021,2021-10-21,2.62,12658.24,14688.88,17945.52,18468.08,10771.72,7407.92,0,0.0,157.44
1339822,1,805,Landsat8,LANDSAT/LC08/C02/T1_L2/LC08_127025_20211106,2021-11-06,0.18,12158.84,14190.76,17386.12,17744.76,10468.2,7426.88,0,0.0,157.44
1411369,1,348,Landsat8,LANDSAT/LC08/C02/T1_L2/LC08_171068_20220809,2022-08-09,0.0,7783.72,7919.52,8293.6,8371.0,9912.28,8025.96,0,0.0,94.72
1013234,1,761,Landsat8,LANDSAT/LC08/C02/T1_L2/LC08_002027_20221012,2022-10-12,15.43,7395.24,7472.2,7803.68,7669.8,9581.56,7913.16,0,0.0,94.8
169005,1,769,Landsat8,LANDSAT/LC08/C02/T1_L2/LC08_171027_20211126,2021-11-26,4.37,6498.0,6240.84,6979.52,6607.96,7889.16,7820.32,0,0.0,220.48
117048,1,399,Landsat8,LANDSAT/LC08/C02/T1_L2/LC08_011061_20210330,2021-03-30,22.15,8779.0,9181.64,10311.12,10267.96,11307.56,9780.44,0,0.0,147.2
117048,1,399,Landsat8,LANDSAT/LC08/C02/T1_L2/LC08_011061_20220418,2022-04-18,37.01,8920.84,9275.16,10283.32,10175.88,11149.28,9944.6,0,0.0,139.52
117048,1,399,Landsat8,LANDSAT/LC08/C02/T1_L2/LC08_011061_20230507,2023-05-07,29.57,8225.0,8633.08,9905.6,9631.28,10778.04,9190.88,0,0.0,181.76
117048,1,399,Landsat8,LANDSAT/LC08/C02/T1_L2/LC08_011061_20230726,2023-07-26,27.47,8551.44,8896.52,9833.68,9735.56,10331.0,9338.16,0,0.0,152.32
117048,1,399,Landsat8,LANDSAT/LC08/C02/T1_L2/LC08_011061_20240407,2024-04-07,18.15,8576.32,8970.48,10233.76,9978.36,11319.24,9661.56,0,0.0,170.24
1081469,1,399,Landsat8,LANDSAT/LC08/C02/T1_L2/LC08_011061_20230507,2023-05-07,29.57,8683.28,8862.56,9798.72,9426.16,9296.32,8202.0,0,0.0,157.44
1081469,1,399,Landsat8,LANDSAT/LC08/C02/T1_L2/LC08_011062_20230507,2023-05-07,26.35,8529.2,8751.28,9735.6,9375.52,9248.56,8176.36,0,0.0,157.44
1420475,1,228,Landsat8,LANDSAT/LC08/C02/T1_L2/LC08_167079_20210303,2021-03-03,7.56,7671.72,7836.28,8229.6,8189.52,8937.88,7644.68,0,0.0,93.44
1410056,1,387,Landsat8,LANDSAT/LC08/C02/T1_L2/LC08_100065_20210415,2021-04-15,19.27,8259.08,8477.48,9646.28,10057.48,8834.88,7564.76,0,0.0,93.44
1410056,1,387,Landsat8,LANDSAT/LC08/C02/T1_L2/LC08_100065_20211109,2021-11-09,8.32,7872.36,8038.16,8876.6,8899.92,10228.92,7995.76,0,0.0,90.96
1410056,1,387,Landsat8,LANDSAT/LC08/C02/T1_L2/LC08_100065_20220128,2022-01-28,3.06,8203.44,8502.32,9773.56,9931.68,10786.8,8185.64,0,0.0,98.56
1410056,1,387,Landsat8,LANDSAT/LC08/C02/T1_L2/LC08_100065_20220301,2022-03-01,34.69,8156.4,8459.32,9744.24,9882.0,10630.6,8016.68,0,0.0,154.88
1010583,1,761,Landsat8,LANDSAT/LC08/C02/T1_L2/LC08_003027_20211219,2021-12-19,13.64,8301.88,8636.88,9004.92,8993.12,9166.56,7486.68,0,0.0,188.16
1010734,1,761,Landsat8,LANDSAT/LC08/C02/T1_L2/LC08_002027_20221129,2022-11-29,34.61,7386.16,7377.32,7354.24,7185.72,7816.56,7425.88,0,0.0,97.6
1010734,1,761,Landsat8,LANDSAT/LC08/C02/T1_L2/LC08_002027_20231015,2023-10-15,23.34,7524.68,7491.72,7443.6,7257.52,7676.32,7373.08,0,0.0,159.2
1079410,1,399,Landsat8,LANDSAT/LC08/C02/T1_L2/LC08_011060_20230507,2023-05-07,41.03,7488.52,7951.84,9445.44,8656.48,10345.52,8241.08,0,0.0,218.96
1079410,1,399,Landsat8,LANDSAT/LC08/C02/T1_L2/LC08_011061_20230507,2023-05-07,29.57,7781.68,8280.12,9693.0,9001.32,10528.48,8266.2,0,0.0,221.44
183388,1,228,Landsat8,LANDSAT/LC08/C02/T1_L2/LC08_167078_20210303,2021-03-03,12.09,7897.4,8358.96,9668.88,9752.36,8079.6,7488.92,0,0.0,157.44
183388,1,228,Landsat8,LANDSAT/LC08/C02/T1_L2/LC08_167078_20220509,2022-05-09,31.36,7349.68,7637.72,8315.76,8065.4,9705.68,7998.64,0,0.0,154.96
183388,1,228,Landsat8,LANDSAT/LC08/C02/T1_L2/LC08_167078_20230104,2023-01-04,5.12,7267.48,7963.44,9574.92,9375.16,8641.88,7633.88,0,0.0,218.88
183388,1,228,Landsat8,LANDSAT/LC08/C02/T1_L2/LC08_167078_20230221,2023-02-21,4.63,7477.16,8101.16,9512.96,9699.72,7991.08,7493.68,0,0.0,213.76
183388,1,228,Landsat8,LANDSAT/LC08/C02/T1_L2/LC08_167078_20230309,2023-03-09,15.97,7456.76,7728.28,8456.12,7994.92,7593.48,7396.36,0,0.0,221.44
183388,1,228,Landsat8,LANDSAT/LC08/C02/T1_L2/LC08_167079_20210303,2021-03-03,7.56,7964.76,8416.16,9699.84,9776.68,8113.72,7489.92,0,0.0,157.44
183388,1,228,Landsat8,LANDSAT/LC08/C02/T1_L2/LC08_167079_20220509,2022-05-09,4.27,7409.68,7668.28,8319.88,8063.56,9691.28,8009.68,0,0.0,154.96
183388,1,228,Landsat8,LANDSAT/LC08/C02/T1_L2/LC08_167079_20230104,2023-01-04,3.39,7349.44,7970.6,9522.96,9298.64,8550.96,7628.48,0,0.0,222.72
183388,1,228,Landsat8,LANDSAT/LC08/C02/T1_L2/LC08_167079_20230221,2023-02-21,31.45,7508.52,8125.04,9518.68,9700.36,7998.96,7492.32,0,0.0,175.36
183388,1,228,Landsat8,LANDSAT/LC08/C02/T1_L2/LC08_167079_20230309,2023-03-09,14.51,7477.0,7794.12,8556.08,8129.32,7748.88,7408.24,0,0.0,221.44
1407239,1,415,Landsat8,LANDSAT/LC08/C02/T1_L2/LC08_116060_20220723,2022-07-23,48.35,9082.04,9684.28,11454.24,10423.92,14903.08,8602.2,0,0.0,114.08
117468,1,399,Landsat8,LANDSAT/LC08/C02/T1_L2/LC08_011061_20220418,2022-04-18,37.01,8590.84,8944.2,9979.88,9354.76,9993.64,8034.88,0,0.0,154.88
117468,1,399,Landsat8,LANDSAT/LC08/C02/T1_L2/LC08_011061_20230507,2023-05-07,29.57,8574.0,8828.32,9971.92,9273.48,10399.76,8280.68,0,0.0,216.4
117468,1,399,Landsat8,LANDSAT/LC08/C02/T1_L2/LC08_011061_20230726,2023-07-26,27.47,8421.64,8568.6,9299.08,8787.52,9216.12,7897.96,0,0.0,94.72
117468,1,399,Landsat8,LANDSAT/LC08/C02/T1_L2/LC08_011061_20240407,2024-04-07,18.15,8569.4,8851.76,10000.4,9275.84,9811.04,8061.4,0,0.0,149.76
117468,1,399,Landsat8,LANDSAT/LC08/C02/T1_L2/LC08_011062_20230507,2023-05-07,26.35,8480.8,8787.84,9971.72,9294.12,10471.76,8274.6,0,0.0,216.4
117468,1,399,Landsat8,LANDSAT/LC08/C02/T1_L2/LC08_011062_20230726,2023-07-26,10.27,8258.24,8434.72,9206.56,8695.4,9138.4,7884.08,0,0.0,96.8
117468,1,399,Landsat8,LANDSAT/LC08/C02/T1_L2/LC08_011062_20240407,2024-04-07,8.27,8463.96,8778.4,9963.12,9250.96,9798.8,8061.92,0,0.0,142.24
1420582,1,228,Landsat8,LANDSAT/LC08/C02/T1_L2/LC08_167079_20240311,2024-03-11,14.81,7764.6,8205.04,9199.48,9423.96,10085.72,9756.32,0,0.0,183.12
1420582,1,228,Landsat8,LANDSAT/LC08/C02/T1_L2/LC08_167079_20240327,2024-03-27,16.8,7921.84,8240.52,9056.96,9179.32,9145.88,8711.36,0,0.0,90.88
1420582,1,228,Landsat8,LANDSAT/LC08/C02/T1_L2/LC08_167079_20240412,2024-04-12,9.07,7820.8,8125.6,8851.32,8945.6,9385.52,8789.92,0,0.0,106.32
1420582,1,228,Landsat8,LANDSAT/LC08/C02/T1_L2/LC08_167079_20240428,2024-04-28,25.13,8042.92,8255.68,8841.48,8872.84,9349.88,8936.44,0,0.0,90.88
1007956,1,761,Landsat8,LANDSAT/LC08/C02/T1_L2/LC08_004027_20211210,2021-12-10,32.75,8697.88,8764.64,9709.4,9090.12,10479.76,7626.6,0,0.0,222.08
1090856,1,342,Landsat8,LANDSAT/LC08/C02/T1_L2/LC08_219068_20221231,2022-12-31,4.59,7313.16,7723.72,8779.84,8947.24,8255.08,7708.56,0,0.0,159.52
1090856,1,342,Landsat8,LANDSAT/LC08/C02/T1_L2/LC08_219068_20230201,2023-02-01,17.48,7487.44,7969.24,9220.32,9306.88,8484.2,7683.04,0,0.0,154.88
1090856,1,342,Landsat8,LANDSAT/LC08/C02/T1_L2/LC08_219068_20240204,2024-02-04,6.42,7942.8,8524.92,10718.0,11934.68,10200.88,7676.84,0,0.0,129.28
1419138,1,228,Landsat8,LANDSAT/LC08/C02/T1_L2/LC08_167078_20230901,2023-09-01,0.01,8439.76,8832.8,9664.88,9879.44,9930.12,7521.76,0,0.0,154.88
1420576,1,228,Landsat8,LANDSAT/LC08/C02/T1_L2/LC08_167079_20220306,2022-03-06,34.68,7500.2,7740.28,8356.0,8162.72,10105.92,8066.16,0,0.0,119.04
1420576,1,228,Landsat8,LANDSAT/LC08/C02/T1_L2/LC08_167079_20220509,2022-05-09,4.27,7284.72,7493.48,7987.6,7790.12,8906.28,7771.44,0,0.0,124.24
1420576,1,228,Landsat8,LANDSAT/LC08/C02/T1_L2/LC08_167079_20220525,2022-05-25,0.75,7293.76,7490.72,7930.68,7769.68,8872.4,7770.84,0,0.0,94.08
1420576,1,228,Landsat8,LANDSAT/LC08/C02/T1_L2/LC08_167079_20220626,2022-06-26,22.97,7439.4,7649.08,8140.52,8001.8,9332.96,8189.68,0,0.0,134.88
1420576,1,228,Landsat8,LANDSAT/LC08/C02/T1_L2/LC08_167079_20230309,2023-03-09,14.51,7100.96,7490.92,8488.32,8280.16,9835.68,8038.2,0,0.0,219.36
1338267,1,800,Landsat8,LANDSAT/LC08/C02/T1_L2/LC08_167025_20240428,2024-04-28,1.24,7178.88,7769.48,8898.28,8871.88,8572.76,7795.96,0,0.0,218.88
1332219,1,830,Landsat8,LANDSAT/LC08/C02/T1_L2/LC08_170024_20230415,2023-04-15,0.31,7682.28,7815.48,8229.84,8352.92,9084.0,8434.04,0,0.0,93.52
1409647,1,387,Landsat8,LANDSAT/LC08/C02/T1_L2/LC08_101064_20210406,2021-04-06,16.07,7347.52,7392.0,7741.48,7542.32,9163.2,7688.84,0,0.0,169.36
1411435,1,348,Landsat8,LANDSAT/LC08/C02/T1_L2/LC08_171068_20210619,2021-06-19,5.28,7490.68,7593.76,7891.76,7829.12,8713.92,7475.72,0,0.0,93.44
1411435,1,348,Landsat8,LANDSAT/LC08/C02/T1_L2/LC08_171068_20210705,2021-07-05,0.0,7461.04,7541.08,7829.04,7785.32,8874.56,7618.72,0,0.0,98.8
1411435,1,348,Landsat8,LANDSAT/LC08/C02/T1_L2/LC08_171068_20210721,2021-07-21,0.0,7807.84,7859.56,8036.08,7947.84,8882.88,7610.48,0,0.0,93.44
1411435,1,348,Landsat8,LANDSAT/LC08/C02/T1_L2/LC08_171068_20210806,2021-08-06,0.0,7824.24,8063.36,8479.2,8340.32,9209.04,7669.48,0,0.0,211.2
1411435,1,348,Landsat8,LANDSAT/LC08/C02/T1_L2/LC08_171068_20210822,2021-08-22,0.0,7324.04,7659.56,8459.24,8152.72,9276.16,7692.76,0,0.0,223.36
1411435,1,348,Landsat8,LANDSAT/LC08/C02/T1_L2/LC08_171068_20210907,2021-09-07,0.0,7881.32,8219.48,8893.56,8588.0,9504.16,7734.32,0,0.0,221.44
1411435,1,348,Landsat8,LANDSAT/LC08/C02/T1_L2/LC08_171068_20211009,2021-10-09,0.0,7870.24,8138.84,8746.36,8489.52,9435.64,7884.08,0,0.0,221.44
1411435,1,348,Landsat8,LANDSAT/LC08/C02/T1_L2/LC08_171068_20211110,2021-11-10,0.17,7745.2,8061.24,8950.2,8589.48,10094.64,8328.92,0,0.0,221.44
1411435,1,348,Landsat8,LANDSAT/LC08/C02/T1_L2/LC08_171068_20211212,2021-12-12,0.09,7457.96,7728.6,8437.72,8231.84,9925.56,8048.96,0,0.0,157.44
1411435,1,348,Landsat8,LANDSAT/LC08/C02/T1_L2/LC08_171068_20211228,2021-12-28,3.54,7478.64,7669.48,8240.92,8034.08,9818.96,7982.88,0,0.0,94.72
1411435,1,348,Landsat8,LANDSAT/LC08/C02/T1_L2/LC08_171068_20220419,2022-04-19,27.57,7421.96,7594.44,8176.08,7882.92,9524.88,7750.8,0,0.0,158.72
1411435,1,348,Landsat8,LANDSAT/LC08/C02/T1_L2/LC08_171068_20220505,2022-05-05,2.59,7401.96,7545.32,8040.36,7827.6,9416.92,7638.52,0,0.0,93.44
1411435,1,348,Landsat8,LANDSAT/LC08/C02/T1_L2/LC08_171068_20220606,2022-06-06,0.71,7563.76,7700.16,8122.04,8050.64,9395.32,7746.2,0,0.0,93.44
1411435,1,348,Landsat8,LANDSAT/LC08/C02/T1_L2/LC08_171068_20220622,2022-06-22,0.02,7633.76,7712.4,7981.68,7920.52,9038.96,7545.56,0,0.0,93.44
1411435,1,348,Landsat8,LANDSAT/LC08/C02/T1_L2/LC08_171068_20220708,2022-07-08,10.21,7395.0,7492.68,7767.92,7747.6,8789.72,7500.48,0,0.0,98.8
1411435,1,348,Landsat8,LANDSAT/LC08/C02/T1_L2/LC08_171068_20220724,2022-07-24,0.0,7728.72,7995.12,8451.84,8374.16,9496.44,7728.84,0,0.0,170.24
1411435,1,348,Landsat8,LANDSAT/LC08/C02/T1_L2/LC08_171068_20220809,2022-08-09,0.0,7824.36,7877.72,8069.24,8017.36,9013.6,7652.92,0,0.0,93.44
1411435,1,348,Landsat8,LANDSAT/LC08/C02/T1_L2/LC08_171068_20220825,2022-08-25,0.0,7789.44,7924.48,8241.88,8140.48,9242.96,7688.64,0,0.0,157.44
1410126,1,387,Landsat8,LANDSAT/LC08/C02/T1_L2/LC08_100065_20210501,2021-05-01,48.91,7606.76,7873.92,8881.36,8910.48,9537.48,7634.6,0,0.0,213.76
103944,1,791,Landsat8,LANDSAT/LC08/C02/T1_L2/LC08_004026_20211108,2021-11-08,28.98,7507.36,7412.4,7462.72,7291.36,7561.28,7405.04,0,0.0,107.76
1416906,1,258,Landsat8,LANDSAT/LC08/C02/T1_L2/LC08_170075_20210220,2021-02-20,4.65,8930.4,9736.72,11535.16,12022.28,10124.84,8191.76,0,0.0,206.08
1416906,1,258,Landsat8,LANDSAT/LC08/C02/T1_L2/LC08_170075_20210308,2021-03-08,1.45,9123.08,10049.52,12132.52,12895.36,9283.0,7496.28,0,0.0,154.88
1416906,1,258,Landsat8,LANDSAT/LC08/C02/T1_L2/LC08_170075_20210409,2021-04-09,0.84,9084.88,9770.92,11301.56,11634.0,8370.28,7440.08,0,0.0,90.88
1416906,1,258,Landsat8,LANDSAT/LC08/C02/T1_L2/LC08_170075_20210425,2021-04-25,0.0,8658.2,9371.88,10933.76,11257.64,8320.04,7519.16,0,0.0,119.04
1416906,1,258,Landsat8,LANDSAT/LC08/C02/T1_L2/LC08_170075_20210511,2021-05-11,0.11,8806.36,9458.88,10909.68,11120.2,8211.12,7522.0,0,0.0,93.44
1416906,1,258,Landsat8,LANDSAT/LC08/C02/T1_L2/LC08_170075_20210527,2021-05-27,0.0,8713.08,9350.04,10782.4,11182.16,8362.84,7523.12,0,0.0,149.76
1416906,1,258,Landsat8,LANDSAT/LC08/C02/T1_L2/LC08_170075_20210612,2021-06-12,0.0,8667.4,9327.84,10835.96,11342.56,8432.52,7537.96,0,0.0,98.56
1416906,1,258,Landsat8,LANDSAT/LC08/C02/T1_L2/LC08_170075_20210628,2021-06-28,0.0,8870.88,9471.04,10938.44,11456.08,8360.0,7541.92,0,0.0,90.88
1416906,1,258,Landsat8,LANDSAT/LC08/C02/T1_L2/LC08_170075_20210730,2021-07-30,3.76,8901.72,9554.88,11102.44,11736.68,8532.6,7603.8,0,0.0,90.88
1416906,1,258,Landsat8,LANDSAT/LC08/C02/T1_L2/LC08_170075_20210831,2021-08-31,0.0,8896.96,9542.8,11224.28,11781.16,8362.36,7583.4,0,0.0,90.88
1416906,1,258,Landsat8,LANDSAT/LC08/C02/T1_L2/LC08_170075_20210916,2021-09-16,37.38,8739.84,9431.92,11014.4,11563.44,9114.8,7930.88,0,0.0,218.88
1416906,1,258,Landsat8,LANDSAT/LC08/C02/T1_L2/LC08_170075_20220106,2022-01-06,21.38,7419.96,7733.76,8434.24,7986.28,7689.76,7656.68,0,0.0,158.72
1416906,1,258,Landsat8,LANDSAT/LC08/C02/T1_L2/LC08_170075_20220514,2022-05-14,0.0,7256.6,7515.44,8008.04,7692.64,7710.88,7474.04,0,0.0,201.76
1416906,1,258,Landsat8,LANDSAT/LC08/C02/T1_L2/LC08_170075_20220530,2022-05-30,0.0,7260.56,7570.28,8141.28,7884.92,7683.56,7472.44,0,0.0,154.88
1416906,1,258,Landsat8,LANDSAT/LC08/C02/T1_L2/LC08_170075_20220615,2022-06-15,3.03,7281.84,7634.16,8293.52,7903.24,7506.16,7481.16,0,0.0,94.72
1416906,1,258,Landsat8,LANDSAT/LC08/C02/T1_L2/LC08_170075_20220818,2022-08-18,0.0,7590.72,7850.44,8251.24,7980.88,7809.76,7576.08,0,0.0,131.84
1416906,1,258,Landsat8,LANDSAT/LC08/C02/T1_L2/LC08_170075_20220903,2022-09-03,0.0,7261.24,7571.44,8088.4,7718.44,7458.68,7520.4,0,0.0,131.84
1416906,1,258,Landsat8,LANDSAT/LC08/C02/T1_L2/LC08_170075_20220919,2022-09-19,0.0,7658.28,8063.24,8656.08,8320.6,8151.28,7766.68,0,0.0,218.88
1416906,1,258,Landsat8,LANDSAT/LC08/C02/T1_L2/LC08_170075_20221005,2022-10-05,10.06,8136.04,8530.48,9159.24,8877.96,8756.0,8108.6,0,0.0,218.88
1416906,1,258,Landsat8,LANDSAT/LC08/C02/T1_L2/LC08_170075_20221021,2022-10-21,0.85,7494.2,7956.96,8697.72,8474.4,8393.76,8168.12,0,0.0,220.72
1416906,1,258,Landsat8,LANDSAT/LC08/C02/T1_L2/LC08_170075_20221224,2022-12-24,0.0,7390.28,7629.76,8090.36,7831.88,7684.56,7554.32,0,0.0,93.68
1416906,1,258,Landsat8,LANDSAT/LC08/C02/T1_L2/LC08_170075_20230109,2023-01-09,6.24,7405.84,7664.44,8096.24,7986.6,8045.56,7800.88,0,0.0,147.2
1416906,1,258,Landsat8,LANDSAT/LC08/C02/T1_L2/LC08_170075_20230330,2023-03-30,3.27,7979.72,8435.76,9525.0,9161.64,7745.4,7413.48,0,0.0,93.44
1416906,1,258,Landsat8,LANDSAT/LC08/C02/T1_L2/LC08_170075_20230517,2023-05-17,0.81,7614.08,8018.72,8747.92,8345.36,8029.04,7522.28,0,0.0,154.88
1416906,1,258,Landsat8,LANDSAT/LC08/C02/T1_L2/LC08_170075_20230602,2023-06-02,0.01,7573.52,7921.04,8559.72,8107.12,7640.28,7484.16,0,0.0,93.44
1416906,1,258,Landsat8,LANDSAT/LC08/C02/T1_L2/LC08_170075_20230618,2023-06-18,0.0,7695.28,8187.8,9145.44,8627.72,7748.92,7530.2,0,0.0,154.88
1416906,1,258,Landsat8,LANDSAT/LC08/C02/T1_L2/LC08_170075_20230704,2023-07-04,0.18,7538.84,7991.32,8848.44,8283.0,7608.92,7521.4,0,0.0,93.44
1416906,1,258,Landsat8,LANDSAT/LC08/C02/T1_L2/LC08_170075_20230805,2023-08-05,10.01,7692.2,8081.0,8849.44,8264.36,7655.6,7588.76,0,0.0,124.16
1416906,1,258,Landsat8,LANDSAT/LC08/C02/T1_L2/LC08_170075_20230821,2023-08-21,0.0,7927.76,8318.0,8990.4,8514.44,7986.0,7602.64,0,0.0,154.88
1416906,1,258,Landsat8,LANDSAT/LC08/C02/T1_L2/LC08_170075_20230906,2023-09-06,0.0,7936.56,8309.16,8904.32,8423.64,8024.04,7630.36,0,0.0,154.88
1416906,1,258,Landsat8,LANDSAT/LC08/C02/T1_L2/LC08_170075_20230922,2023-09-22,0.0,8272.12,8627.6,9191.88,8748.8,8329.16,7780.84,0,0.0,154.88
1416906,1,258,Landsat8,LANDSAT/LC08/C02/T1_L2/LC08_170075_20231008,2023-10-08,0.0,8299.8,8615.04,9086.6,8620.96,8217.84,7879.04,0,0.0,154.88
1416906,1,258,Landsat8,LANDSAT/LC08/C02/T1_L2/LC08_170075_20231024,2023-10-24,0.0,7652.84,7913.32,8329.92,7932.0,7661.68,7577.4,0,0.0,98.56
1416906,1,258,Landsat8,LANDSAT/LC08/C02/T1_L2/LC08_170075_20231109,2023-11-09,37.04,7296.72,7701.4,8540.92,7973.2,7863.88,8122.12,0,0.0,221.36
1416906,1,258,Landsat8,LANDSAT/LC08/C02/T1_L2/LC08_170075_20231125,2023-11-25,0.01,7850.0,8138.56,8609.32,8232.6,8054.4,7871.84,0,0.0,152.32
1416906,1,258,Landsat8,LANDSAT/LC08/C02/T1_L2/LC08_170075_20240128,2024-01-28,45.37,7362.0,7697.52,8298.88,7880.84,8011.8,7670.68,0,0.0,154.88
1416906,1,258,Landsat8,LANDSAT/LC08/C02/T1_L2/LC08_170075_20240213,2024-02-13,0.44,7426.88,7691.08,8206.88,7909.6,8069.52,7567.64,0,0.0,154.88
1416906,1,258,Landsat8,LANDSAT/LC08/C02/T1_L2/LC08_170075_20240503,2024-05-03,45.33,7409.88,7720.24,8302.88,7957.44,7789.44,7671.28,0,0.0,208.64
1318870,1,831,Landsat8,LANDSAT/LC08/C02/T1_L2/LC08_160022_20210419,2021-04-19,0.1,8193.2,8474.24,9008.96,9461.04,9968.32,8999.36,0,0.0,90.88
1420734,1,198,Landsat8,LANDSAT/LC08/C02/T1_L2/LC08_169079_20210402,2021-04-02,0.04,10033.72,11047.08,12705.72,13354.52,10535.36,7403.4,0,0.0,116.48
1420734,1,198,Landsat8,LANDSAT/LC08/C02/T1_L2/LC08_169079_20210418,2021-04-18,0.9,10020.28,11108.16,12886.44,13407.68,10878.68,7447.68,0,0.0,158.72
1420734,1,198,Landsat8,LANDSAT/LC08/C02/T1_L2/LC08_169079_20210504,2021-05-04,0.01,10221.76,11296.56,13065.48,13530.88,11019.92,7391.44,0,0.0,93.44
1420734,1,198,Landsat8,LANDSAT/LC08/C02/T1_L2/LC08_169079_20230526,2023-05-26,0.01,10129.08,11186.52,12926.4,13191.92,10864.56,7421.68,0,0.0,121.6
1420734,1,198,Landsat8,LANDSAT/LC08/C02/T1_L2/LC08_169079_20230611,2023-06-11,0.43,10233.56,11274.68,12995.76,13250.12,10869.12,7409.6,0,0.0,93.44
1420734,1,198,Landsat8,LANDSAT/LC08/C02/T1_L2/LC08_169079_20230713,2023-07-13,4.16,10170.24,11283.44,13032.84,13271.36,11098.36,7460.24,0,0.0,154.88
1420734,1,198,Landsat8,LANDSAT/LC08/C02/T1_L2/LC08_169080_20210402,2021-04-02,7.42,9913.88,10971.76,12675.92,13348.52,10544.56,7404.92,0,0.0,93.44
1420734,1,198,Landsat8,LANDSAT/LC08/C02/T1_L2/LC08_169080_20210418,2021-04-18,0.0,9914.6,11047.72,12866.6,13406.28,10892.44,7449.04,0,0.0,131.84
1420734,1,198,Landsat8,LANDSAT/LC08/C02/T1_L2/LC08_169080_20230526,2023-05-26,1.56,10277.32,11288.68,12970.92,13218.64,10893.36,7421.6,0,0.0,94.72
1420734,1,198,Landsat8,LANDSAT/LC08/C02/T1_L2/LC08_169080_20230611,2023-06-11,0.02,10415.8,11402.64,13055.04,13292.84,10905.36,7410.64,0,0.0,93.44
1420734,1,198,Landsat8,LANDSAT/LC08/C02/T1_L2/LC08_170079_20210220,2021-02-20,0.01,10008.44,10834.4,12375.8,13154.88,10441.64,7864.24,0,0.0,93.44
1420734,1,198,Landsat8,LANDSAT/LC08/C02/T1_L2/LC08_170079_20210308,2021-03-08,0.04,9831.52,10669.68,12187.64,12990.8,10226.84,7393.44,0,0.0,93.44
1420734,1,198,Landsat8,LANDSAT/LC08/C02/T1_L2/LC08_170079_20210409,2021-04-09,0.0,10164.28,11083.96,12742.2,13337.4,10551.88,7397.24,0,0.0,93.44
1420734,1,198,Landsat8,LANDSAT/LC08/C02/T1_L2/LC08_170079_20210425,2021-04-25,0.0,10252.36,11235.92,12977.92,13467.0,10941.24,7378.44,0,0.0,93.44
1420734,1,198,Landsat8,LANDSAT/LC08/C02/T1_L2/LC08_170079_20230314,2023-03-14,9.27,9991.32,10978.68,12725.48,13093.08,11028.88,7363.32,0,0.0,90.88
1420734,1,198,Landsat8,LANDSAT/LC08/C02/T1_L2/LC08_170079_20230602,2023-06-02,0.0,10286.8,11247.76,12938.6,13194.8,10797.16,7390.84,0,0.0,90.88
1420734,1,198,Landsat8,LANDSAT/LC08/C02/T1_L2/LC08_170079_20230618,2023-06-18,0.01,10163.08,11158.32,12887.96,13213.8,10976.32,7447.28,0,0.0,93.44
1420734,1,198,Landsat8,LANDSAT/LC08/C02/T1_L2/LC08_170079_20230704,2023-07-04,0.01,10285.0,11216.68,12906.88,13222.08,11059.76,7520.96,0,0.0,90.88
1420734,1,198,Landsat8,LANDSAT/LC08/C02/T1_L2/LC08_170079_20240316,2024-03-16,1.53,8155.68,8940.28,11374.72,11547.24,10650.36,7479.76,0,0.0,90.88
